name,name_cn,tag_l1,tag_l2,business_tags_customer,business_tags_role,business_tags_channel,国家地区,简介,原分类category_l1,原分类category_l2
AgeClub,AgeClub,文娱社交;智能科技,数字化;行业媒体,B2B,服务商(媒体/数据),,国内,银发产业数据与创新服务平台，成立于2016年，北京。聚焦银发经济产业研究、企业服务、投资对接和行业峰会，是国内银发经济领域头部产业媒体。,行业服务,行业媒体
SageWell,,金融保险,保险;养老金融,B2C,服务商,,国内,智慧养老解决方案提供商，为养老机构提供智能化管理系统和服务平台。,行业服务,金融理财
乐湾,乐湾,养老服务,适老化;适老化改造,B2B+B2C,平台,,国内,康养社区运营商，提供高品质养老社区和康养服务。,适老化改造,适老家居产品
优享陪诊,优享陪诊,医疗健康,健康管理,B2C,服务商,,国内,专业陪诊服务平台，为老年人及行动不便人群提供就医陪同、代办挂号、取药等一站式服务。,健康服务,健康养生
全民K歌,全民K歌,文娱社交,文娱;社交平台,B2C,平台,,国内,腾讯旗下在线K歌应用，中老年用户活跃度极高，是银发群体最常用的娱乐社交应用之一。,老年文娱,社交平台
共比邻,共比邻,文娱社交,文娱;旅游,B2C,服务商,线上,国内,老年旅游平台，有公众号和小程序。,老年文娱,老年旅游
兴趣岛,兴趣岛,文娱社交,文娱;社交平台,B2C,服务商,,国内,"前身""千聊""，成立于2016年，中老年在线兴趣教育平台。提供太极、瑜伽、书法、国画、声乐等课程，累计服务数百万中老年用户。",老年文娱,社交平台
医家通,医家通,养老服务,居家护理;适老化;适老化改造,B2B,平台,,国内,社区居家养老SaaS系统提供商，为养老机构和社区养老服务中心提供信息化管理平台。,适老化改造,适老家居产品
南京新百,南京新百,养老服务;金融保险,产业资本;居家护理,未标注,上市公司,,国内,A股上市公司（600682），旗下拥有安康通、Natali、禾康养老等品牌，是国内领先的养老服务运营企业，业务覆盖居家养老、社区养老和机构养老。,产业资本,相关上市公司
博斯腾,博斯腾,养老服务;医疗健康,养老机构;认知症,B2B,制造商(药),,国内,上海博斯腾网络科技，认知症（阿尔茨海默病）数字疗法企业。通过AI驱动的认知评估和训练游戏，为轻度认知障碍和认知症患者提供非药物干预治疗方案。已完成亿元级A+轮融,失智老人赛道,照护机构
可靠股份,可靠股份,金融保险,产业资本,未标注,上市公司,,国内,"成人失禁护理用品龙头企业，A股上市（301298），旗下""可靠""品牌是国内成人纸尿裤头部品牌，产品覆盖成人失禁护理全品类。",产业资本,相关上市公司
善诊,善诊,医疗健康,健康管理,B2C,服务商,,国内,成立于2015年，上海，老年体检服务平台。通过整合全国体检机构资源，为老年人和企业客户提供专业体检服务及健康管理方案。累计融资近10亿元。,健康服务,健康养生
奕然康复,奕然康复,医疗健康;智能科技;消费品,医疗器械;康复医疗;智能硬件;机器人,B2B+B2C,服务商,,国内,康复医疗设备研发企业，专注于康复机器人及智能康复解决方案。,康复设备,运动康复
安护通,安护通,养老服务;医疗健康,健康管理;居家护理;慢病管理,B2B+B2C,平台,,国内,居家护理服务平台，提供专业护理员上门服务，覆盖居家养老、术后护理、慢病管理等场景。,健康服务,健康养生
安杰莱,安杰莱,医疗健康;康复辅具;智能科技;消费品,外骨骼;康复医疗;智能硬件;机器人,B2B+B2C,服务商,,国内,医疗机器人企业，专注于康复外骨骼机器人研发，为卒中、脊髓损伤等患者提供下肢康复训练方案。,康复设备,运动康复
小年糕,小年糕,文娱社交,文娱;社交平台,B2C,平台,线上;短视频,国内,中老年短视频和影集制作应用，微信生态内头部小程序，服务数亿用户，是银发群体最常用的内容创作工具之一。,老年文娱,社交平台
小橙,小橙,养老服务;消费品,专业护理;居家护理;智能硬件,B2B,平台,,国内,智慧养老解决方案提供商，为养老机构提供智能化硬件和SaaS管理系统。,养老服务,专业级护理
彩视,彩视,文娱社交,文娱;社交平台,B2B+B2C,平台,短视频,国内,中老年短视频社交平台，提供视频制作、社区互动等功能，主要面向银发群体。,老年文娱,社交平台
心智青,心智青,文娱社交,文娱;社交平台,B2B+B2C,平台,线下,国内,中老年文娱教育平台，提供线下课程和社区活动，聚焦中老年精神文化需求。,老年文娱,社交平台
悦心健康,悦心健康,金融保险,产业资本,未标注,上市公司,,国内,A股上市公司（002162，原斯米克），从建筑陶瓷业务转型大健康与养老服务，布局康养社区、康复医疗和老年教育。,产业资本,相关上市公司
抚理健康,抚理健康,养老服务,专业护理;居家护理,B2B+B2C,平台,,国内,居家养老护理服务商，提供专业护理员上门服务，覆盖生活照料、医疗护理、康复陪伴等。,养老服务,专业级护理
易得康,易得康,养老服务,专业护理;居家护理,B2B+B2C,平台,,国内,居家养老护理服务品牌，提供专业护理员上门服务，服务覆盖长三角等地区。,养老服务,专业级护理
橙医健康,橙医健康,医疗健康,健康管理;慢病管理,B2C,服务商,,国内,老年健康管理和陪诊服务平台，提供就医陪同、健康体检、慢病管理等服务。,健康服务,健康养生
清澜技术,清澜技术,医疗健康,健康监测;健康管理,B2B,技术服务商,,国内,智慧养老技术企业，专注于物联网和AI技术在养老场景的应用。,健康服务,健康养生
清雷,清雷,医疗健康,健康监测;健康管理,B2C,制造商(硬件/设备),,国内,毫米波雷达健康监测企业，通过非接触式传感器实现跌倒检测、睡眠监测、生命体征监测等智慧养老功能。,健康服务,健康养生
点可,点可,医疗健康,健康监测;健康管理,B2B,平台,,国内,智慧养老SaaS平台提供商，为养老机构提供运营管理和信息化解决方案。,健康服务,健康养生
特霍芬,特霍芬,养老服务;医疗健康,养老机构;认知症;适老化,B2B,技术服务商,,国内,适老化技术和智慧养老解决方案提供商，聚焦老年人居住环境智能化改造。,失智老人赛道,照护机构
百芝龙,百芝龙,养老服务;医疗健康,健康监测;健康管理;居家护理,B2B+B2C,平台,,国内,智能家居和智慧养老企业，提供基于AIoT的居家养老安全监测解决方案。,健康服务,健康养生
福寿康,福寿康,养老服务,专业护理;居家护理,B2B+B2C,服务商,,国内,国内头部居家养老护理服务连锁品牌，成立于上海，业务覆盖全国数十个城市，提供居家护理、长护险服务、康复训练等。已完成多轮融资，投资方包括红杉中国等。,养老服务,专业级护理
程天,程天,医疗健康;康复辅具;消费品,外骨骼;康复医疗;智能硬件,B2B+B2C,服务商,,国内,外骨骼机器人研发企业，专注于康复和助行外骨骼，为老年人和行动不便人群提供智能助行方案。,康复设备,运动康复
红松学堂,红松学堂,文娱社交,文娱;社交平台,B2C,平台,,国内,中老年在线兴趣学习平台，提供太极、声乐、书法、舞蹈等直播课程，累计服务数百万中老年用户。,老年文娱,社交平台
织生科技,织生科技,养老服务;医疗健康,养老机构;认知症,未标注,服务商,,国内,脑科学与数字疗法企业，专注于认知功能评估和训练，为认知障碍提供数字化干预方案。,失智老人赛道,照护机构
美好盛年,美好盛年,文娱社交,文娱;旅游;社交平台,B2C,服务商,线下,国内,中老年文娱教育平台，提供线下课程、旅游社交等服务，聚焦55-70岁人群精神文化需求。,老年文娱,社交平台
美篇,美篇,文娱社交,文娱;社交平台,B2B+B2C,平台,,国内,中老年图文创作社区，微信生态内热门应用，提供图文排版、影集制作等功能，是银发群体重要的内容创作和分享平台。,老年文娱,社交平台
苗米,苗米,医疗健康,健康监测;健康管理,B2C,服务商,,国内,智慧养老相关企业，提供养老信息化和智能化解决方案。,健康服务,健康养生
迈步,迈步,医疗健康;康复辅具;智能科技;消费品,外骨骼;康复医疗;智能硬件;机器人,B2B+B2C,服务商,,国内,康复机器人企业，专注于下肢康复外骨骼机器人研发，为卒中患者和老年人提供康复训练方案。,康复设备,运动康复
远也,远也,医疗健康;康复辅具;消费品,外骨骼;康复医疗;智能硬件,B2C,制造商(硬件/设备),,国内,柔性外骨骼和智能穿戴企业，研发轻便型助行外骨骼，为老年人和行动不便人群提供日常助行支持。,康复设备,运动康复
量子之歌,量子之歌,文娱社交,文娱;社交平台,B2C,服务商,,国内,在线教育集团（NASDAQ: QSG），旗下启牛学堂等品牌，提供金融素养和兴趣学习课程，中老年用户占比显著。,老年文娱,社交平台
闲趣岛,闲趣岛,文娱社交,文娱;旅游;社交平台,B2B+B2C,平台,线上,国内,中老年社交文娱平台，提供兴趣社区、线上课程、旅游社交等服务。,老年文娱,社交平台
集思鸣智,集思鸣智,养老服务;医疗健康,养老机构;认知症,未标注,服务商,,国内,脑科学与认知健康企业，提供认知功能评估和训练解决方案。,失智老人赛道,照护机构
颐养通,颐养通,养老服务,适老化;适老化改造,B2B,平台,,国内,智慧养老信息化平台，为养老机构和社区提供运营管理SaaS系统。,适老化改造,适老家居产品
颐家,颐家,养老服务,专业护理;居家护理,B2B+B2C,平台,,国内,居家养老护理服务商，成立于上海，提供居家护理、康复、陪护等服务，是上海长护险定点服务机构。,养老服务,专业级护理
颐讯,颐讯,养老服务,适老化;适老化改造,B2B+B2C,服务商,,国内,养老信息化服务商，为养老机构提供管理系统和运营支持工具。,适老化改造,适老家居产品
鲸鱼陪诊,鲸鱼陪诊,养老服务;医疗健康,健康管理;居家护理,B2C,服务商,,国内,专业陪诊服务平台，为老年人、孕妇等提供就医陪同、代办服务等。,健康服务,健康养生
鹤灵医疗,鹤灵医疗,养老服务;医疗健康,养老机构;认知症,未标注,服务商,,国内,医疗健康企业，专注于老年医疗和康复领域。,失智老人赛道,照护机构
麦麦养老,麦麦养老,养老服务;消费品,智能硬件;适老化;适老化改造,B2B+B2C,平台,,国内,智慧养老解决方案提供商，为养老机构和社区提供智能化管理平台和硬件设备。,适老化改造,适老家居产品
AID上海老博会,AID上海老博会,文娱社交,咨询研究,B2B,服务商(媒体/数据),,国内,中国国际老龄产业博览会，每年在上海举办，汇聚全球养老产品与服务供应商，是国内最大养老产业展会之一。,行业服务,行业展会
BAI资本,BAI资本,金融保险,产业资本,B2C,服务商,,国内,贝塔斯曼亚洲投资基金（Bertelsmann Asia Investments），关注消费、教育、医疗健康领域的早期和成长期投资，在银发经济领域有多个布局。,产业资本,消费背景
CMEF,,文娱社交;消费品,咨询研究;智能硬件,B2B,制造商(硬件/设备),,国内,中国国际医疗器械博览会（China Medical Equipment Fair），每年春秋两届，是中国最大的医疗器械及养老康复设备展会。,行业服务,行业展会
EE广州老博会,EE广州老博会,文娱社交,咨询研究,B2B,服务商(媒体/数据),,国内,广州国际养老健康产业博览会，聚焦华南地区养老产业，涵盖养老机构、智能家居、康复辅具等领域。,行业服务,行业展会
ITH康养家,ITH康养家,文娱社交;智能科技,数字化;行业媒体,B2B,服务商(媒体/数据),,国内,ITH康养家是智慧康养产业媒体平台，聚焦养老科技、智慧康养解决方案，提供行业资讯、企业访谈和产业研究。,行业服务,行业媒体
OKCS,,养老服务,居家护理,B2B+B2C,平台,,国内,OKCS（居家康养服务平台），提供居家养老服务标准化解决方案，涵盖护理员培训、服务派单、质量管理等环节。,行业服务,行业媒体
SIC保利老博会,SIC保利老博会,文娱社交;消费品,咨询研究;智能硬件,B2B+B2C,制造商(硬件/设备),,国内,保利国际老博会（SIC），由保利集团主办，聚焦养老产业全链条，包括养老地产、康养设备、养老服务等领域。,行业服务,行业展会
VTN,,食品营养,保健品,B2C,制造商(消费品),,国内,VTN是澳大利亚高端健康品牌购物平台，聚焦营养保健品、护肤品等领域，在银发健康消费市场有布局。,健康食品,保健品&OTC
WonderLab,,食品营养,保健品;营养食品,B2C,制造商(消费品),,国内,WonderLab是中国新锐营养品牌，聚焦肠道健康、代餐等产品，在银发健康营养市场有一定布局。,健康食品,保健品&OTC
一号护工,一号护工,养老服务,专业护理;居家护理,B2B+B2C,平台,,国内,一号护工是居家养老护理服务平台，提供专业护理员上门服务，涵盖生活照料、医疗护理、康复训练等。,养老服务,专业级护理
一味盛长,一味盛长,医疗健康,药品,未标注,服务商,,国内,一味盛长是中医康养品牌，融合传统中医药与现代健康管理，为老年人群提供中医调理、养生保健服务。,养老用品,肢体障碍
一家依,一家依,养老服务,养老社区;居家护理,B2B+B2C,平台,,国内,一家依是社区居家养老服务平台，提供日间照料、上门护理、老年餐桌等服务，深耕社区场景。,养老地产,运营商
一康,一康,医疗健康;消费品,医疗器械;康复医疗;智能硬件,B2B+B2C,平台,,国内,一康是康复医疗设备品牌，专注于智能康复训练设备研发，服务养老机构和社区康复中心。,康复设备,运动康复
一龄集团,一龄集团,医疗健康;文娱社交;金融保险,产业资本;健康管理;旅游,B2C,服务商,,国内,一龄集团是大健康产业集团，布局生命养护、健康管理、医疗旅游等业务，在银发健康管理领域有深度布局。,老年文娱,社交平台
万德厨,万德厨,养老服务;消费品,专业护理;智能硬件;适老化,B2B+B2C,制造商(硬件/设备),,国内,万德厨是适老化厨房解决方案品牌，专注于老年人厨房安全改造、智能厨房设备研发。,养老服务,专业级护理
三替护理,三替护理,养老服务,专业护理;居家护理,B2B+B2C,平台,,国内,三替护理是居家养老护理服务品牌，提供专业护理员上门、医院陪护、居家照料等服务，深耕浙江市场。,养老服务,专业级护理
上品折扣,上品折扣,渠道零售,零售,B2B,服务商(媒体/数据),,国内,上品折扣是折扣零售品牌，在银发消费领域有布局，提供适合老年人的平价商品选择。,行业服务,行业媒体
上海剪爱,上海剪爱,消费品,个护,未标注,服务商,,国内,上海剪爱是老年人理发服务品牌，专注于为行动不便老人提供上门理发服务，解决老年人生活服务痛点。,失智老人赛道,照护机构
世道,世道,养老服务,居家护理;适老化,B2B+B2C,平台,,国内,世道（SHIDO）是智能护理床品牌，专注于多功能电动护理床研发制造，产品覆盖养老机构和居家场景。,养老用品,肢体障碍
东方华康,东方华康,养老服务;医疗健康,养老社区;慢病管理,B2B+B2C,服务商,,国内,东方华康是康复医疗集团，运营多家康复医院和护理院，提供术后康复、老年慢病管理、失能照护等服务。,养老地产,运营商
东方购物,东方购物,智能科技;渠道零售,数字化;零售,B2B,服务商(媒体/数据),,国内,东方购物是上海文广旗下电视购物平台，在中老年消费市场占据重要地位，是银发电视购物的主要渠道之一。,行业服务,行业媒体
中匠福,中匠福,养老服务,居家护理;适老化;适老化改造,B2B+B2C,平台,,国内,中匠福是适老化改造服务品牌，提供居家适老化改造、养老机构装修等一站式解决方案。,适老化改造,适老家居产品
中金佰仁堂,中金佰仁堂,养老服务,养老社区,B2B+B2C,平台,,国内,中金佰仁堂是中金资本旗下养老产业投资平台，专注养老地产和养老服务机构投资。,养老地产,运营商
中顺洁柔,中顺洁柔,金融保险,产业资本,未标注,上市公司,,国内,中顺洁柔是国内生活用纸龙头品牌，在银发日用品消费市场占据重要地位，已上市。,产业资本,相关上市公司
乐力,乐力,医疗健康;食品营养,保健品;营养食品;认知症,B2C,制造商(消费品),,国内,乐力是营养保健品品牌，专注钙补充剂和肠道健康产品，在银发保健品市场有广泛认知度。,健康食品,保健品&OTC
乐唱族,乐唱族,文娱社交,文娱;社交平台,B2C,平台,线上,国内,乐唱族是中老年在线K歌社交平台，提供线上唱歌、交友等娱乐服务。,老年文娱,社交平台
乐成养老,乐成养老,养老服务,养老社区,B2B+B2C,平台,,国内,乐成养老是北京乐成集团旗下养老产业品牌，运营恭和苑等高端养老社区，是国内最早的民营养老运营商之一。,养老地产,运营商
乐陪护,乐陪护,养老服务,专业护理;居家护理,B2B+B2C,平台,,国内,乐陪护是医院陪护和居家养老护理服务平台，提供专业陪护人员上门服务。,养老服务,专业级护理
乐龄圈,乐龄圈,文娱社交,文娱;社交平台,B2B+B2C,平台,,国内,乐龄圈是中老年社区社交平台，提供兴趣社交、活动组织和资讯服务。,老年文娱,社交平台
九如城,九如城,养老服务,养老社区,B2B+B2C,服务商,,国内,九如城是国内领先的康养服务品牌，运营连锁养老机构和社区养老服务中心，在长三角地区有深度布局。,养老地产,运营商
云芯信息,云芯信息,养老服务;消费品,居家护理;智能硬件;适老化;适老化改造,B2B+B2C,平台,,国内,云芯信息是适老化产品品牌，专注老年人居家环境改造和适老化设备研发。,适老化改造,适老家居产品
云货优选,云货优选,渠道零售,电商,B2C,平台,线上,国内,云货优选是社交电商平台，通过社交裂变模式销售品牌折扣商品，在中老年女性消费群体中有较高渗透率。,行业服务,行业媒体
互邦,互邦,养老服务,适老化,B2B,技术服务商,,国内,互邦是康复辅具品牌，专注轮椅、助行器等康复辅助器具研发制造，服务老年和残障人群。,养老用品,肢体障碍
享佳健康,享佳健康,医疗健康;食品营养,保健品;慢病管理,B2C,制造商(消费品),,国内,享佳健康是中老年健康管理服务平台，提供健康咨询、保健品销售和慢病管理服务。,行业服务,行业媒体
享睡,享睡,医疗健康,健康监测;健康管理,B2C,服务商,,国内,享睡是睡眠健康品牌，专注老年人睡眠监测和睡眠改善产品。,健康服务,健康养生
亲和源,亲和源,养老服务;文娱社交,养老社区;旅游,未标注,上市公司,,国内,亲和源是国内首家上市养老社区品牌，专注高端会员制养老社区，在上海等地运营大型养老社区。,养老地产,运营商
人寿堂,人寿堂,医疗健康,药品,B2B+B2C,平台,,国内,人寿堂是国药集团旗下中医养生品牌，融合传统中医药与现代健康管理，服务老年人群。,养老地产,运营商
亿芃健康,亿芃健康,养老服务;消费品,智能硬件;适老化,B2B+B2C,制造商(硬件/设备),,国内,亿芃健康是康复辅具或适老化设备品牌，为老年人和行动不便人群提供辅助产品。,养老用品,肢体障碍
今旭面业,今旭面业,食品营养,保健品,B2C,制造商(消费品),,国内,今旭面业是面食品牌，推出适合老年人消化的营养面条产品线。,健康食品,保健品&OTC
仙乐健康,仙乐健康,食品营养,保健品,未标注,上市公司,,国内,仙乐健康是营养保健食品CDMO龙头，为全球品牌提供营养保健品研发和代工服务，在银发营养市场有深度布局，已上市。,健康食品,保健品&OTC
令羽,令羽,消费品,鞋服,B2B,服务商(媒体/数据),,国内,令羽是中老年服饰品牌，专注适合老年人的舒适功能性服装。,行业服务,行业媒体
伊对,伊对,文娱社交,文娱;相亲;社交平台,B2C,平台,,国内,伊对是下沉市场婚恋社交平台，专注视频相亲交友，在中老年单身群体中有较高使用率。,老年文娱,社交平台
优加健康,优加健康,医疗健康;金融保险,保险;健康管理;慢病管理,B2B+B2C,服务商,,国内,优加健康是健康管理平台，提供中老年慢病管理和健康保险服务。,健康服务,健康养生
优复门诊,优复门诊,医疗健康;消费品,康复医疗;慢病管理;智能硬件,B2B+B2C,服务商,,国内,优复门诊是康复医疗连锁机构，提供运动康复、术后康复、老年慢病康复等服务，在上海等一线城市运营。,康复设备,运动康复
优必选,优必选,养老服务;智能科技,机器人;适老化,未标注,上市公司,,国内,优必选科技是人形机器人和智能机器人研发商，在养老陪护机器人、康复训练机器人领域有布局，已在港交所上市。,养老用品,肢体障碍
优生活,优生活,食品营养,保健品,B2C,制造商(消费品),,国内,优生活是中老年消费品品牌，专注适合老年人的日常用品和健康食品。,健康食品,保健品&OTC
余生幸福,余生幸福,文娱社交,文娱;相亲;社交平台,B2C,平台,,国内,余生幸福是中老年婚恋社交平台，专注银发群体的相亲交友服务。,老年文娱,社交平台
佛山建泰,佛山建泰,养老服务,适老化,未标注,服务商,,国内,佛山建泰是适老化建材品牌，专注防滑地板、无障碍扶手等适老化装修材料。,养老用品,肢体障碍
佛山永爱,佛山永爱,养老服务,适老化;适老化改造,B2C,服务商,,国内,佛山永爱是适老化家具和养老机构配套设施品牌，为养老机构提供整体适老化空间解决方案。,适老化改造,适老家居产品
作为科技,作为科技,养老服务;医疗健康;智能科技;消费品,专业护理;健康监测;智能硬件;机器人;适老化,B2B+B2C,制造商(硬件/设备),,国内,作为科技是智能适老化产品研发商，专注防跌倒监测、睡眠监测等智慧养老设备。,养老用品,肢体障碍
佰丝堂,佰丝堂,食品营养,保健品,B2B,服务商(媒体/数据),,国内,佰丝堂是中医养生品牌，提供中药调理、药膳食疗等传统中医养生服务。,行业服务,行业媒体
依瑞德,依瑞德,医疗健康;消费品,医疗器械;康复医疗;智能硬件;认知症,B2B+B2C,制造商(硬件/设备),,国内,依瑞德是医疗设备品牌，专注经颅磁刺激（TMS）等神经调控设备研发，在老年抑郁、认知障碍治疗领域有应用。,康复设备,运动康复
倍益康,倍益康,养老服务;消费品,居家护理;智能硬件,B2B+B2C,平台,,国内,倍益康是康复理疗设备品牌，研发生产颈腰椎牵引设备、理疗仪等产品，服务社区康复和居家康复场景。,行业服务,行业媒体
倍轻松,倍轻松,消费品,智能硬件,未标注,上市公司,,国内,倍轻松是智能健康硬件品牌，专注眼部、颈部、头部按摩器研发制造，在银发健康消费市场有广泛布局，已上市。,行业服务,行业媒体
健特药业,健特药业,食品营养,保健品,B2C,制造商(消费品),,国内,健特药业是保健品品牌，旗下脑白金是中国最知名的老年保健品之一。,健康食品,保健品&OTC
健行仿生,健行仿生,养老服务;康复辅具,外骨骼;适老化,B2B+B2C,服务商,,国内,健行仿生（BionicM）是外骨骼机器人研发商，专注智能假肢和外骨骼产品，帮助老年人和残障人士恢复行动能力。,养老用品,肢体障碍
元气家族,元气家族,食品营养,保健品;营养食品,B2C,制造商(消费品),,国内,元气家族是健康营养品品牌，专注中老年维生素和矿物质补充剂。,健康食品,保健品&OTC
兆观,兆观,医疗健康;消费品,健康监测;健康管理;智能硬件,B2B+B2C,制造商(硬件/设备),,国内,兆观是睡眠监测和呼吸健康设备品牌，专注老年人睡眠呼吸监测产品。,健康服务,健康养生
光大养老,光大养老,养老服务,养老社区,B2B+B2C,平台,,国内,光大养老是光大集团旗下养老产业平台，运营多家养老机构和社区养老服务中心，是央企背景养老运营商。,养老地产,运营商
养乃世家,养乃世家,食品营养,保健品;营养食品,B2C,制造商(消费品),,国内,养乃世家是羊奶品牌，专注中老年配方羊奶粉，在银发营养食品市场有较高知名度。,健康食品,保健品&OTC
冬泽,冬泽,食品营养,保健品;营养食品,B2C,制造商(消费品),,国内,冬泽是特殊医学用途配方食品品牌，专注肠内营养液和老年营养补充剂。,健康食品,保健品&OTC
凌晴翔,凌晴翔,养老服务;消费品,智能硬件;适老化,B2B+B2C,制造商(硬件/设备),,国内,凌晴翔是康复辅具或适老化设备品牌，为老年人和行动不便人群提供辅助产品。,养老用品,肢体障碍
初新养老,初新养老,养老服务,养老社区,B2B+B2C,平台,,国内,初新养老是养老机构运营商，运营养老社区或康养项目。,养老地产,运营商
动龄健康,动龄健康,文娱社交,文娱;社交平台,B2C,服务商,,国内,动龄健康是老年运动健康平台，提供适合老年人的运动课程和健康监测服务。,老年文娱,社交平台
匹奇,匹奇,消费品,智能硬件,B2B,制造商(硬件/设备),,国内,匹奇是健康器械品牌，专注家用理疗设备、按摩器等银发健康产品。,行业服务,行业媒体
医护到家,医护到家,养老服务,专业护理;居家护理,B2B+B2C,平台,,国内,医护到家是上门医疗护理服务平台，提供护士上门、护理员上门等服务，专注老年居家医疗需求。,养老服务,专业级护理
千骥资本,千骥资本,金融保险,产业资本,B2B+B2C,服务商,,国内,千骥资本是专注医疗健康领域的风险投资基金，在老年医疗、康复护理等银发经济赛道有多个投资布局。,产业资本,消费背景
半月浮生,半月浮生,文娱社交,文娱,B2B,服务商(媒体/数据),,国内,半月浮生是中老年文化内容品牌，专注银发群体的兴趣课程和文化产品。,行业服务,行业媒体
华友健身,华友健身,文娱社交,健身;文娱;社交平台,B2C,服务商,,国内,华友健身是健身品牌，推出适合老年人的低强度健身课程和运动方案。,老年文娱,社交平台
华润维麟,华润维麟,养老服务,养老社区,B2B+B2C,平台,,国内,华润维麟是养老机构运营商，运营养老社区或康养项目。,养老地产,运营商
卓牧,卓牧,食品营养,保健品,未标注,服务商,,国内,卓牧是羊奶品牌，专注中老年配方羊奶产品，在银发乳制品市场有布局。,健康食品,保健品&OTC
南京携才,南京携才,养老服务,专业护理;居家护理,B2B+B2C,平台,,国内,南京携才是居家养老服务平台，提供社区养老、居家护理等服务，深耕江苏市场。,养老服务,专业级护理
博博科技,博博科技,医疗健康;消费品,健康监测;健康管理;智能硬件,B2C,制造商(硬件/设备),,国内,博博科技是智能健康设备研发商，专注老年人跌倒检测和健康监测可穿戴设备。,健康服务,健康养生
博远资本,博远资本,金融保险,产业资本,B2B,制造商(硬件/设备),,国内,博远资本是专注医疗健康产业的投资基金，在创新药、医疗器械和老年健康领域有投资布局。,产业资本,消费背景
博音,博音,养老服务;消费品,助听器;智能硬件;适老化,B2B+B2C,制造商(硬件/设备),,国内,博音是康复辅具或适老化设备品牌，为老年人和行动不便人群提供辅助产品。,养老用品,肢体障碍
厚福,厚福,养老服务;消费品,智能硬件;适老化,B2B+B2C,服务商,,国内,厚福是康复护理设备品牌，专注护理床、康复训练设备等养老机构常用设备制造。,养老用品,肢体障碍
友达颐康,友达颐康,养老服务,居家护理;适老化;适老化改造,B2B+B2C,平台,,国内,友达颐康是智慧养老平台，提供社区居家养老信息化管理、健康监测等服务。,适老化改造,适老家居产品
可靠,可靠,养老服务,适老化,B2B+B2C,服务商,,国内,可靠是成人护理用品品牌，专注成人纸尿裤、护理垫等失禁用品，在银发日用品市场占据重要份额。,养老用品,肢体障碍
台格,台格,养老服务,居家护理;适老化,B2B+B2C,平台,,国内,台格是适老化家具品牌，专注养老机构和居家适老化家具设计制造。,行业服务,行业媒体
司羿智能,司羿智能,医疗健康;康复辅具;智能科技;消费品,外骨骼;康复医疗;智能硬件;机器人,B2B+B2C,服务商,,国内,司羿智能是康复机器人研发商，专注手部康复机器人、下肢外骨骼等产品，服务脑卒中和老年康复患者。,康复设备,运动康复
同仁堂,同仁堂,医疗健康,药品,B2C,制造商(消费品),,国内,同仁堂是中华老字号中药品牌，创立于1669年，在老年保健品、中药调理、养生领域有深厚布局。,健康食品,保健品&OTC
和乐春晖,和乐春晖,养老服务;消费品,居家护理;智能硬件;适老化;适老化改造,B2B+B2C,平台,,国内,和乐春晖是适老化产品品牌，专注老年人居家环境改造和适老化设备研发。,适老化改造,适老家居产品
和佳医疗,和佳医疗,医疗健康;消费品,医疗器械;康复医疗;智能硬件,未标注,上市公司,,国内,和佳医疗是医疗设备和医院整体解决方案提供商，在康复医疗和养老设备领域有布局，已上市。,康复设备,运动康复
和君康养,和君康养,养老服务,养老社区,B2B,服务商,,国内,和君康养是和君咨询旗下康养产业咨询品牌，为养老地产、康养小镇等项目提供规划咨询和运营管理服务。,行业服务,行业媒体
和家健脑,和家健脑,养老服务;医疗健康,养老机构;认知症,未标注,服务商,,国内,和家健脑是认知训练平台，专注老年人认知衰退筛查和脑健康训练。,失智老人赛道,照护机构
品驰,品驰,医疗健康;消费品,医疗器械;康复医疗;智能硬件,B2B,制造商(硬件/设备),,国内,品驰医疗是脑起搏器（DBS）研发商，专注神经调控医疗器械，在帕金森等老年神经退行性疾病治疗领域处于国产领先地位。,康复设备,运动康复
响午,响午,消费品,鞋服,B2C,制造商(硬件/设备),,国内,响午是老年智能可穿戴品牌，专注老年智能手表、健康监测手环等产品。,行业服务,行业媒体
哺恩,哺恩,养老服务,养老社区,B2B+B2C,平台,,国内,哺恩是养老机构运营商，运营养老社区或康养项目。,养老地产,运营商
唯艾,唯艾,医疗健康;消费品,健康管理;智能硬件,B2B+B2C,制造商(硬件/设备),,国内,唯艾是中医艾灸健康品牌，提供智能艾灸设备和中医养生服务。,健康服务,健康养生
嘉堡护理,嘉堡护理,养老服务,养老社区,B2B+B2C,平台,,国内,嘉堡护理是养老机构运营商，运营养老社区或康养项目。,养老地产,运营商
嘉年乐,嘉年乐,养老服务;消费品,居家护理;智能硬件;适老化;适老化改造,B2B+B2C,平台,,国内,嘉年乐是适老化产品品牌，专注老年人居家环境改造和适老化设备研发。,适老化改造,适老家居产品
国寿大健康,国寿大健康,金融保险,产业资本,未标注,服务商,,国内,国寿大健康是中国人寿旗下大健康产业投资基金，聚焦医疗健康和养老服务领域的股权投资。,产业资本,消费背景
国科优选,国科优选,食品营养,保健品,B2C,制造商(消费品),,国内,国科优选是营养保健品品牌，在中老年健康营养市场有布局，提供适合银发人群的保健产品。,健康食品,保健品&OTC
复星保德信,复星保德信,养老服务,养老社区,B2B+B2C,平台,,国内,复星保德信是养老机构运营商，运营养老社区或康养项目。,养老地产,运营商
夕阳红,夕阳红,养老服务;消费品,智能硬件;适老化,B2B+B2C,制造商(硬件/设备),,国内,夕阳红是康复辅具或适老化设备品牌，为老年人和行动不便人群提供辅助产品。,养老用品,肢体障碍
多呵,多呵,消费品,个护,B2B,服务商(媒体/数据),,国内,多呵是银发经济领域行业服务商，为养老产业提供相关产品或服务。,行业服务,行业媒体
大耳马,大耳马,消费品,助听器,B2C,服务商,,国内,大耳马是助听器品牌，专注 affordable 听力解决方案，服务老年听力障碍人群。,健康服务,健康养生
天华设计,天华设计,养老服务;消费品,居家护理;智能硬件;适老化;适老化改造,B2B+B2C,平台,,国内,天华设计是适老化产品品牌，专注老年人居家环境改造和适老化设备研发。,适老化改造,适老家居产品
天合人康,天合人康,食品营养,保健品,B2C,制造商(消费品),,国内,天合人康是营养保健品品牌，在中老年健康营养市场有布局，提供适合银发人群的保健产品。,健康食品,保健品&OTC
天壹智慧,天壹智慧,养老服务,专业护理;居家护理,B2B+B2C,平台,,国内,天壹智慧是智慧养老平台，提供养老机构信息化管理和社区居家养老服务系统。,养老服务,专业级护理
天天好,天天好,食品营养,保健品,B2C,制造商(消费品),,国内,天天好是营养保健品品牌，在中老年健康营养市场有布局，提供适合银发人群的保健产品。,健康食品,保健品&OTC
天空树,天空树,消费品,个护,B2B,服务商(媒体/数据),,国内,天空树是银发经济领域行业服务商，为养老产业提供相关产品或服务。,行业服务,行业媒体
天鹅到家,天鹅到家,养老服务,专业护理,B2B+B2C,服务商,,国内,天鹅到家（原58到家）是国内最大的家庭服务平台，提供保洁、月嫂、养老护理等上门服务，覆盖全国400+城市。,养老服务,专业级护理
太保资本,太保资本,金融保险,产业资本,未标注,服务商,,国内,太保资本是中国太保旗下投资管理平台，在养老地产和健康产业领域有战略投资布局。,产业资本,消费背景
太平养老,太平养老,养老服务,养老社区,B2B+B2C,平台,,国内,太平养老是养老机构运营商，运营养老社区或康养项目。,养老地产,运营商
太爱肽,太爱肽,食品营养,保健品,B2C,制造商(消费品),,国内,太爱肽是营养保健品品牌，在中老年健康营养市场有布局，提供适合银发人群的保健产品。,健康食品,保健品&OTC
奥特顺咽,奥特顺咽,养老服务;消费品,智能硬件;适老化,B2B+B2C,制造商(硬件/设备),,国内,奥特顺咽是康复辅具或适老化设备品牌，为老年人和行动不便人群提供辅助产品。,养老用品,肢体障碍
女王新款,女王新款,消费品,鞋服,B2B,服务商(媒体/数据),,国内,女王新款是银发经济领域行业服务商，为养老产业提供相关产品或服务。,行业服务,行业媒体
好孝心,好孝心,食品营养,保健品,B2C,制造商(消费品),,国内,好孝心是营养保健品品牌，在中老年健康营养市场有布局，提供适合银发人群的保健产品。,健康食品,保健品&OTC
好慷在家,好慷在家,养老服务,专业护理;居家护理,B2B+B2C,平台,,国内,好慷在家是高端家庭保洁服务品牌，提供标准化上门保洁服务，同时涉足居家养老护理领域。,养老服务,专业级护理
如身机器人,如身机器人,医疗健康;消费品,康复医疗;智能硬件,B2B+B2C,服务商,,国内,如身机器人专注康复训练机器人研发，为老年康复和运动损伤恢复提供智能化康复设备。,康复设备,运动康复
孝当先,孝当先,食品营养,保健品,B2C,制造商(消费品),,国内,孝当先是营养保健品品牌，在中老年健康营养市场有布局，提供适合银发人群的保健产品。,健康食品,保健品&OTC
孝心坊,孝心坊,食品营养,保健品,B2C,制造商(消费品),,国内,孝心坊是营养保健品品牌，在中老年健康营养市场有布局，提供适合银发人群的保健产品。,健康食品,保健品&OTC
安养养老,安养养老,养老服务,养老社区,B2B+B2C,平台,,国内,安养养老是养老机构运营商，运营养老社区或康养项目。,养老地产,运营商
安养帮,安养帮,养老服务,养老社区,B2B+B2C,平台,,国内,安养帮是养老机构运营商，运营养老社区或康养项目。,养老地产,运营商
安康通,安康通,养老服务,专业护理;居家护理,B2B+B2C,平台,,国内,安康通是国内综合养老运营标杆企业，成立于1998年，2013年加入三胞集团，提供智慧居家养老服务，拥有自主运营的智慧养老指挥中心和专业化的服务团队。,养老服务,专业级护理
安泰康成,安泰康成,医疗健康;消费品,医疗器械;康复医疗;慢病管理;智能硬件,B2B+B2C,制造商(硬件/设备),,国内,安泰康成是康复医疗设备品牌，专注心肺康复和老年慢病康复设备研发。,康复设备,运动康复
安馨康养,安馨康养,养老服务;消费品,居家护理;智能硬件;适老化;适老化改造,B2B+B2C,平台,,国内,安馨康养是适老化产品品牌，专注老年人居家环境改造和适老化设备研发。,适老化改造,适老家居产品
完美亲家,完美亲家,文娱社交,文娱;相亲;社交平台,B2C,平台,,国内,完美亲家是中老年婚恋相亲平台，专注为子女父母提供相亲匹配服务。,老年文娱,社交平台
家有购物,家有购物,渠道零售,电商,B2B,服务商(媒体/数据),,国内,家有购物是银发经济领域行业服务商，为养老产业提供相关产品或服务。,行业服务,行业媒体
家瑞康,家瑞康,养老服务;消费品,智能硬件;适老化,B2B+B2C,制造商(硬件/设备),,国内,家瑞康是康复辅具或适老化设备品牌，为老年人和行动不便人群提供辅助产品。,养老用品,肢体障碍
富伯医疗,富伯医疗,医疗健康;消费品,医疗器械;康复医疗;智能硬件,B2B,制造商(硬件/设备),,国内,富伯医疗是康复医疗器械品牌，研发生产康复训练设备和物理治疗设备。,康复设备,运动康复
寻缘树,寻缘树,文娱社交,文娱;相亲;社交平台,B2C,平台,线上;线下,国内,寻缘树是中老年婚恋社交平台，提供线上匹配和线下相亲活动。,老年文娱,社交平台
寿仙谷,寿仙谷,食品营养,保健品,B2C,制造商(消费品),,国内,寿仙谷是营养保健品品牌，在中老年健康营养市场有布局，提供适合银发人群的保健产品。,健康食品,保健品&OTC
尊术医疗,尊术医疗,养老服务;医疗健康,专业护理;慢病管理,B2B+B2C,服务商,,国内,尊术医疗是专科医疗服务品牌，在老年慢病管理和康复医疗领域有布局。,养老服务,专业级护理
小V助浴,小V助浴,养老服务,专业护理,B2B+B2C,服务商,,国内,小V助浴是老年人上门助浴服务品牌，解决失能半失能老人洗澡难题。,养老服务,专业级护理
小柏家护,小柏家护,养老服务,专业护理;居家护理,B2B+B2C,平台,,国内,小柏家护是居家养老护理平台，提供专业护理员上门服务，涵盖生活照料和医疗护理。,养老服务,专业级护理
小飞哥,小飞哥,养老服务;消费品,智能硬件;适老化,B2B+B2C,制造商(硬件/设备),,国内,小飞哥是康复辅具或适老化设备品牌，为老年人和行动不便人群提供辅助产品。,养老用品,肢体障碍
尚体乐活,尚体乐活,文娱社交,健身;文娱;社交平台,B2C,服务商,,国内,尚体乐活是老年运动健康品牌，提供适合老年人的运动器材和健身课程。,老年文娱,社交平台
就爱广场舞,就爱广场舞,文娱社交,文娱;社交平台,B2B+B2C,平台,,国内,就爱广场舞是中老年广场舞社区平台，提供广场舞教学视频、社交互动等服务，用户超千万。,老年文娱,社交平台
左点,左点,消费品,智能硬件,B2B,服务商(媒体/数据),,国内,左点是银发经济领域行业服务商，为养老产业提供相关产品或服务。,行业服务,行业媒体
巨贸康万家,巨贸康万家,养老服务;消费品,智能硬件;适老化,B2B+B2C,制造商(硬件/设备),,国内,巨贸康万家是康复辅具或适老化设备品牌，为老年人和行动不便人群提供辅助产品。,养老用品,肢体障碍
希润医疗,希润医疗,医疗健康;消费品,医疗器械;康复医疗;智能硬件,B2B,制造商(硬件/设备),,国内,希润医疗是康复医疗器械品牌，专注老年康复和神经康复设备研发制造。,康复设备,运动康复
平安臻颐年,平安臻颐年,养老服务,养老社区,B2B+B2C,平台,,国内,平安臻颐年是养老机构运营商，运营养老社区或康养项目。,养老地产,运营商
康乐龄,康乐龄,养老服务;消费品,智能硬件;适老化,B2B+B2C,制造商(硬件/设备),,国内,康乐龄是康复辅具或适老化设备品牌，为老年人和行动不便人群提供辅助产品。,养老用品,肢体障碍
康力元,康力元,养老服务;消费品,智能硬件;适老化,B2B+B2C,制造商(硬件/设备),,国内,康力元是康复辅具或适老化设备品牌，为老年人和行动不便人群提供辅助产品。,养老用品,肢体障碍
康复之家,康复之家,养老服务,适老化,B2B,服务商(媒体/数据),,国内,康复之家是银发经济领域行业服务商，为养老产业提供相关产品或服务。,行业服务,行业媒体
康德宝,康德宝,养老服务;消费品,智能硬件;适老化,B2B+B2C,制造商(硬件/设备),,国内,康德宝是康复辅具或适老化设备品牌，为老年人和行动不便人群提供辅助产品。,养老用品,肢体障碍
康政,康政,养老服务;消费品,智能硬件;适老化,B2B+B2C,制造商(硬件/设备),,国内,康政是康复辅具或适老化设备品牌，为老年人和行动不便人群提供辅助产品。,养老用品,肢体障碍
康林仁和,康林仁和,食品营养,保健品,B2B,服务商(媒体/数据),,国内,康林仁和是银发经济领域行业服务商，为养老产业提供相关产品或服务。,行业服务,行业媒体
康比特,康比特,食品营养,保健品,B2C,制造商(消费品),,国内,康比特是营养保健品品牌，在中老年健康营养市场有布局，提供适合银发人群的保健产品。,健康食品,保健品&OTC
康爱医疗,康爱医疗,医疗健康;消费品,康复医疗;慢病管理;智能硬件,B2C,制造商(消费品),,国内,康爱医疗是肿瘤康复和老年慢病管理服务平台，提供术后康复、营养支持和心理干预等综合服务。,康复设备,运动康复
康语轩,康语轩,养老服务;医疗健康,养老机构;认知症,B2B+B2C,服务商,,国内,康语轩是认知症照护机构品牌，引入日式认知症专业照护理念，运营认知症护理机构。,失智老人赛道,照护机构
彭世,彭世,医疗健康,健康管理,B2B+B2C,服务商,,国内,彭世是足浴养生连锁品牌，在中老年养生保健市场有广泛布局。,健康服务,健康养生
得印科技,得印科技,养老服务;消费品,智能硬件;适老化,B2B+B2C,制造商(硬件/设备),,国内,得印科技是康复辅具或适老化设备品牌，为老年人和行动不便人群提供辅助产品。,养老用品,肢体障碍
德林,德林,养老服务;消费品,智能硬件;适老化,B2B+B2C,制造商(硬件/设备),,国内,德林是康复辅具或适老化设备品牌，为老年人和行动不便人群提供辅助产品。,养老用品,肢体障碍
心乐空间,心乐空间,文娱社交,文娱;社交平台,B2B+B2C,平台,,国内,心乐空间是中老年社交娱乐平台，为银发群体提供社交互动和兴趣社区服务。,老年文娱,社交平台
心永科技,心永科技,医疗健康;消费品,健康管理;智能硬件,B2B+B2C,制造商(硬件/设备),,国内,心永科技是心血管健康监测品牌，专注老年人血压、心电等智能监测设备。,健康服务,健康养生
志贺康养,志贺康养,养老服务;消费品,居家护理;智能硬件;适老化;适老化改造,B2B+B2C,平台,,国内,志贺康养是适老化产品品牌，专注老年人居家环境改造和适老化设备研发。,适老化改造,适老家居产品
快乐购,快乐购,渠道零售,电商,B2B,服务商(媒体/数据),,国内,快乐购是银发经济领域行业服务商，为养老产业提供相关产品或服务。,行业服务,行业媒体
快团团,快团团,渠道零售,电商,B2B,服务商(媒体/数据),,国内,快团团是银发经济领域行业服务商，为养老产业提供相关产品或服务。,行业服务,行业媒体
怡和嘉业,怡和嘉业,养老服务;消费品,智能硬件;适老化,B2B+B2C,制造商(硬件/设备),,国内,怡和嘉业是康复辅具或适老化设备品牌，为老年人和行动不便人群提供辅助产品。,养老用品,肢体障碍
恒发,恒发,消费品,鞋服,B2B,服务商(媒体/数据),,国内,恒发是银发经济领域行业服务商，为养老产业提供相关产品或服务。,行业服务,行业媒体
恩德莱,恩德莱,养老服务;消费品,智能硬件;适老化,B2B+B2C,制造商(硬件/设备),,国内,恩德莱是康复辅具或适老化设备品牌，为老年人和行动不便人群提供辅助产品。,养老用品,肢体障碍
悟空百货,悟空百货,渠道零售,电商,B2B,服务商(媒体/数据),,国内,悟空百货是银发经济领域行业服务商，为养老产业提供相关产品或服务。,行业服务,行业媒体
悠幸,悠幸,养老服务;消费品,居家护理;智能硬件;适老化;适老化改造,B2B+B2C,平台,,国内,悠幸是适老化产品品牌，专注老年人居家环境改造和适老化设备研发。,适老化改造,适老家居产品
悦心安颐,悦心安颐,养老服务,养老社区,B2B+B2C,平台,,国内,悦心安颐是养老机构运营商，运营养老社区或康养项目。,养老地产,运营商
惠买集团,惠买集团,渠道零售,电商,B2B,服务商(媒体/数据),,国内,惠买集团是银发经济领域行业服务商，为养老产业提供相关产品或服务。,行业服务,行业媒体
慈康生命,慈康生命,医疗健康,临终关怀,B2B+B2C,服务商,,国内,慈康生命是安宁疗护（临终关怀）服务品牌，为终末期老人提供专业的临终照护。,养老服务,专业级护理
慢糖家,慢糖家,食品营养,保健品,B2C,制造商(消费品),,国内,慢糖家是营养保健品品牌，在中老年健康营养市场有布局，提供适合银发人群的保健产品。,健康食品,保健品&OTC
成家相亲,成家相亲,文娱社交,文娱;相亲;社交平台,B2B+B2C,平台,,国内,成家相亲是中老年社交娱乐平台，为银发群体提供社交互动和兴趣社区服务。,老年文娱,社交平台
戴恩,戴恩,养老服务,专业护理;居家护理,B2B+B2C,平台,,国内,戴恩是专业护理服务品牌，提供居家养老护理、医疗护理等上门服务。,养老服务,专业级护理
护卫神,护卫神,养老服务;消费品,智能硬件;适老化,B2B+B2C,制造商(硬件/设备),,国内,护卫神是康复辅具或适老化设备品牌，为老年人和行动不便人群提供辅助产品。,养老用品,肢体障碍
招商观颐,招商观颐,养老服务,养老社区,B2B+B2C,平台,,国内,招商观颐是养老机构运营商，运营养老社区或康养项目。,养老地产,运营商
振邦,振邦,养老服务;消费品,智能硬件;适老化,B2B+B2C,制造商(硬件/设备),,国内,振邦是康复辅具或适老化设备品牌，为老年人和行动不便人群提供辅助产品。,养老用品,肢体障碍
摩登银龄,摩登银龄,文娱社交,文娱,B2B,服务商(媒体/数据),,国内,摩登银龄是银发经济领域行业服务商，为养老产业提供相关产品或服务。,行业服务,行业媒体
擎浩护理,擎浩护理,养老服务,专业护理;居家护理,B2B+B2C,平台,,国内,擎浩护理是专业护理服务品牌，提供居家养老护理、医疗护理等上门服务。,养老服务,专业级护理
救救帮,救救帮,养老服务;消费品,居家护理;智能硬件;适老化;适老化改造,B2B+B2C,平台,,国内,救救帮是适老化产品品牌，专注老年人居家环境改造和适老化设备研发。,适老化改造,适老家居产品
斯维驰,斯维驰,养老服务;消费品,智能硬件;适老化,B2B+B2C,制造商(硬件/设备),,国内,斯维驰是康复辅具或适老化设备品牌，为老年人和行动不便人群提供辅助产品。,养老用品,肢体障碍
方家铺子,方家铺子,食品营养,保健品,B2C,制造商(消费品),,国内,方家铺子是营养保健品品牌，在中老年健康营养市场有布局，提供适合银发人群的保健产品。,健康食品,保健品&OTC
时光派,时光派,食品营养,保健品,B2C,制造商(消费品),,国内,时光派是营养保健品品牌，在中老年健康营养市场有布局，提供适合银发人群的保健产品。,健康食品,保健品&OTC
时尚奶奶团,时尚奶奶团,文娱社交,文娱,B2B,服务商(媒体/数据),,国内,时尚奶奶团是银发经济领域行业服务商，为养老产业提供相关产品或服务。,行业服务,行业媒体
易乐车业,易乐车业,养老服务;消费品,智能硬件;适老化,B2B+B2C,制造商(硬件/设备),,国内,易乐车业是康复辅具或适老化设备品牌，为老年人和行动不便人群提供辅助产品。,养老用品,肢体障碍
星巡智能,星巡智能,医疗健康,健康管理,B2C,服务商,,国内,星巡智能是智能家居品牌，为老年家庭提供智能安防和环境监测方案。,健康服务,健康养生
春树养老,春树养老,养老服务,养老社区,B2B+B2C,平台,,国内,春树养老是养老机构运营商，运营养老社区或康养项目。,养老地产,运营商
昱芝夕,昱芝夕,消费品,个护,B2B,服务商(媒体/数据),,国内,昱芝夕是银发经济领域行业服务商，为养老产业提供相关产品或服务。,行业服务,行业媒体
昱言养老,昱言养老,养老服务,养老社区,B2B,服务商(媒体/数据),,国内,昱言养老是银发经济领域行业服务商，为养老产业提供相关产品或服务。,行业服务,行业媒体
普健济康,普健济康,金融保险,产业资本,未标注,服务商,,国内,普健济康是关注银发经济赛道的投资机构，在医疗健康和养老产业有投资布局。,产业资本,消费背景
景昱,景昱,医疗健康;消费品,康复医疗;智能硬件,B2B+B2C,制造商(硬件/设备),,国内,景昱是康复医疗品牌，提供老年康复训练、物理治疗等康复服务或设备。,康复设备,运动康复
晶彩人生,晶彩人生,文娱社交,文娱;社交平台,B2B+B2C,平台,,国内,晶彩人生是中老年社交娱乐平台，为银发群体提供社交互动和兴趣社区服务。,老年文娱,社交平台
智云健康,智云健康,医疗健康,健康管理;慢病管理,未标注,上市公司,,国内,智云健康是国内最大的慢病管理平台，聚焦糖尿病等慢性病管理，为医院和患者提供数字化慢病管理SaaS服务，已上市。,健康服务,健康养生
智听,智听,养老服务;消费品,助听器;智能硬件;适老化,B2B+B2C,制造商(硬件/设备),,国内,智听是康复辅具或适老化设备品牌，为老年人和行动不便人群提供辅助产品。,养老用品,肢体障碍
智宇孝老,智宇孝老,养老服务,专业护理;居家护理,B2B+B2C,平台,,国内,智宇孝老是专业护理服务品牌，提供居家养老护理、医疗护理等上门服务。,养老服务,专业级护理
智杰教育,智杰教育,养老服务,养老社区,B2B+B2C,平台,,国内,智杰教育是养老机构运营商，运营养老社区或康养项目。,养老地产,运营商
最美芳华,最美芳华,文娱社交,文娱,B2B,服务商(媒体/数据),,国内,最美芳华是银发经济领域行业服务商，为养老产业提供相关产品或服务。,行业服务,行业媒体
月神,月神,食品营养,保健品,B2C,制造商(消费品),,国内,月神是营养保健品品牌，在中老年健康营养市场有布局，提供适合银发人群的保健产品。,健康食品,保健品&OTC
来邦科技,来邦科技,养老服务;消费品,居家护理;智能硬件;适老化;适老化改造,B2B+B2C,平台,,国内,来邦科技是适老化产品品牌，专注老年人居家环境改造和适老化设备研发。,适老化改造,适老家居产品
柏老汇,柏老汇,养老服务,专业护理;居家护理,B2B+B2C,平台,,国内,柏老汇是专业护理服务品牌，提供居家养老护理、医疗护理等上门服务。,养老服务,专业级护理
染博士,染博士,消费品,个护,B2B,服务商(媒体/数据),,国内,染博士是银发经济领域行业服务商，为养老产业提供相关产品或服务。,行业服务,行业媒体
栈道资本,栈道资本,金融保险,产业资本,未标注,服务商,,国内,栈道资本是关注银发经济赛道的投资机构，在医疗健康和养老产业有投资布局。,产业资本,消费背景
栖城设计,栖城设计,养老服务;消费品,居家护理;智能硬件;适老化;适老化改造,B2B+B2C,平台,,国内,栖城设计是适老化产品品牌，专注老年人居家环境改造和适老化设备研发。,适老化改造,适老家居产品
森梅医疗,森梅医疗,医疗健康;食品营养,保健品;健康管理,B2C,服务商,,国内,森梅医疗是健康养生品牌，为银发人群提供健康管理或养生保健产品和服务。,健康服务,健康养生
森美,森美,食品营养,保健品,B2C,制造商(消费品),,国内,森美是营养保健品品牌，在中老年健康营养市场有布局，提供适合银发人群的保健产品。,健康食品,保健品&OTC
楼上,楼上,食品营养,保健品,B2C,制造商(消费品),,国内,楼上是营养保健品品牌，在中老年健康营养市场有布局，提供适合银发人群的保健产品。,健康食品,保健品&OTC
正奇智能,正奇智能,养老服务;消费品,智能硬件;适老化,B2B+B2C,制造商(硬件/设备),,国内,正奇智能是康复辅具或适老化设备品牌，为老年人和行动不便人群提供辅助产品。,养老用品,肢体障碍
每日的菌,每日的菌,食品营养,保健品,B2C,制造商(消费品),,国内,每日的菌是营养保健品品牌，在中老年健康营养市场有布局，提供适合银发人群的保健产品。,健康食品,保健品&OTC
水印中国,水印中国,养老服务,养老社区,B2B+B2C,平台,,国内,水印中国是养老机构运营商，运营养老社区或康养项目。,养老地产,运营商
永福康,永福康,养老服务;消费品,智能硬件;适老化,B2B+B2C,制造商(硬件/设备),,国内,永福康是康复辅具或适老化设备品牌，为老年人和行动不便人群提供辅助产品。,养老用品,肢体障碍
江南米道,江南米道,食品营养,保健品,B2C,制造商(消费品),,国内,江南米道是营养保健品品牌，在中老年健康营养市场有布局，提供适合银发人群的保健产品。,健康食品,保健品&OTC
沐恒实业,沐恒实业,养老服务;消费品,居家护理;智能硬件;适老化;适老化改造,B2B+B2C,平台,,国内,沐恒实业是适老化产品品牌，专注老年人居家环境改造和适老化设备研发。,适老化改造,适老家居产品
泰一健康,泰一健康,食品营养,保健品,B2C,制造商(消费品),,国内,泰一健康是营养保健品品牌，在中老年健康营养市场有布局，提供适合银发人群的保健产品。,健康食品,保健品&OTC
泰康之家,泰康之家,养老服务,养老社区,B2B+B2C,平台,,国内,泰康之家是养老机构运营商，运营养老社区或康养项目。,养老地产,运营商
泰康安宁疗护,泰康安宁疗护,养老服务;医疗健康,专业护理;临终关怀;居家护理,B2B+B2C,平台,,国内,泰康安宁疗护是专业护理服务品牌，提供居家养老护理、医疗护理等上门服务。,养老服务,专业级护理
泰心康护,泰心康护,养老服务,专业护理;居家护理,B2B+B2C,平台,,国内,泰心康护是专业护理服务品牌，提供居家养老护理、医疗护理等上门服务。,养老服务,专业级护理
泽普医疗,泽普医疗,医疗健康;消费品,康复医疗;智能硬件,B2B+B2C,制造商(硬件/设备),,国内,泽普医疗是康复医疗品牌，提供老年康复训练、物理治疗等康复服务或设备。,康复设备,运动康复
海之声,海之声,消费品,助听器,B2B,服务商(媒体/数据),,国内,海之声是银发经济领域行业服务商，为养老产业提供相关产品或服务。,行业服务,行业媒体
海森林,海森林,消费品,助听器,B2B,服务商(媒体/数据),,国内,海森林是银发经济领域行业服务商，为养老产业提供相关产品或服务。,行业服务,行业媒体
深纳普思,深纳普思,医疗健康;食品营养,保健品;健康管理,B2C,服务商,,国内,深纳普思是健康养生品牌，为银发人群提供健康管理或养生保健产品和服务。,健康服务,健康养生
添康,添康,养老服务;消费品,智能硬件;适老化,B2B+B2C,制造商(硬件/设备),,国内,添康是康复辅具或适老化设备品牌，为老年人和行动不便人群提供辅助产品。,养老用品,肢体障碍
温州康宁,温州康宁,医疗健康;消费品,康复医疗;智能硬件,B2B+B2C,制造商(硬件/设备),,国内,温州康宁是康复医疗品牌，提供老年康复训练、物理治疗等康复服务或设备。,康复设备,运动康复
爱侬养老,爱侬养老,养老服务,专业护理;居家护理,B2B+B2C,平台,,国内,爱侬养老是专业护理服务品牌，提供居家养老护理、医疗护理等上门服务。,养老服务,专业级护理
爱可声,爱可声,养老服务;消费品,助听器;智能硬件;适老化,B2B+B2C,制造商(硬件/设备),,国内,爱可声是康复辅具或适老化设备品牌，为老年人和行动不便人群提供辅助产品。,养老用品,肢体障碍
爱普雷德,爱普雷德,消费品,助听器,B2B,服务商(媒体/数据),,国内,爱普雷德是银发经济领域行业服务商，为养老产业提供相关产品或服务。,行业服务,行业媒体
爱牵挂,爱牵挂,养老服务;消费品,居家护理;智能硬件;适老化;适老化改造,B2B+B2C,平台,,国内,爱牵挂是适老化产品品牌，专注老年人居家环境改造和适老化设备研发。,适老化改造,适老家居产品
爱舒乐,爱舒乐,养老服务;消费品,智能硬件;适老化,B2B+B2C,制造商(硬件/设备),,国内,爱舒乐是康复辅具或适老化设备品牌，为老年人和行动不便人群提供辅助产品。,养老用品,肢体障碍
爱风尚,爱风尚,文娱社交,文娱;社交平台,B2B+B2C,平台,,国内,爱风尚是中老年社交娱乐平台，为银发群体提供社交互动和兴趣社区服务。,老年文娱,社交平台
玖益,玖益,养老服务;消费品,助听器;智能硬件;适老化,B2B+B2C,制造商(硬件/设备),,国内,玖益是康复辅具或适老化设备品牌，为老年人和行动不便人群提供辅助产品。,养老用品,肢体障碍
玛士撒拉,玛士撒拉,食品营养,保健品,B2C,制造商(消费品),,国内,玛士撒拉是营养保健品品牌，在中老年健康营养市场有布局，提供适合银发人群的保健产品。,健康食品,保健品&OTC
环球捕手,环球捕手,渠道零售,电商,B2B,服务商(媒体/数据),,国内,环球捕手是银发经济领域行业服务商，为养老产业提供相关产品或服务。,行业服务,行业媒体
瑞光康泰,瑞光康泰,医疗健康;食品营养,保健品;健康管理,B2C,服务商,,国内,瑞光康泰是健康养生品牌，为银发人群提供健康管理或养生保健产品和服务。,健康服务,健康养生
瑞尔齿科,瑞尔齿科,养老服务;消费品,智能硬件;适老化,B2B+B2C,制造商(硬件/设备),,国内,瑞尔齿科是康复辅具或适老化设备品牌，为老年人和行动不便人群提供辅助产品。,养老用品,肢体障碍
瑞贝卡,瑞贝卡,消费品,个护,B2B,服务商(媒体/数据),,国内,瑞贝卡是银发经济领域行业服务商，为养老产业提供相关产品或服务。,行业服务,行业媒体
瑞邦,瑞邦,食品营养,保健品,B2C,制造商(消费品),,国内,瑞邦是营养保健品品牌，在中老年健康营养市场有布局，提供适合银发人群的保健产品。,健康食品,保健品&OTC
甲子科技,甲子科技,养老服务,智慧养老,B2B,技术服务商,,国内,甲子科技是银发经济领域行业服务商，为养老产业提供相关产品或服务。,行业服务,行业媒体
百合康,百合康,食品营养,保健品,B2C,制造商(消费品),,国内,百合康是营养保健品品牌，在中老年健康营养市场有布局，提供适合银发人群的保健产品。,健康食品,保健品&OTC
百合生物,百合生物,食品营养,保健品,B2C,制造商(消费品),,国内,百合生物是营养保健品品牌，在中老年健康营养市场有布局，提供适合银发人群的保健产品。,健康食品,保健品&OTC
百善药业,百善药业,食品营养,保健品,B2C,制造商(消费品),,国内,百善药业是营养保健品品牌，在中老年健康营养市场有布局，提供适合银发人群的保健产品。,健康食品,保健品&OTC
百年红,百年红,养老服务;消费品,智能硬件;适老化,B2B+B2C,制造商(硬件/设备),,国内,百年红是康复辅具或适老化设备品牌，为老年人和行动不便人群提供辅助产品。,养老用品,肢体障碍
皮皮熊,皮皮熊,养老服务;消费品,智能硬件;适老化,B2B+B2C,制造商(硬件/设备),,国内,皮皮熊是康复辅具或适老化设备品牌，为老年人和行动不便人群提供辅助产品。,养老用品,肢体障碍
盈康生命,盈康生命,医疗健康;消费品,康复医疗;智能硬件,B2B+B2C,制造商(硬件/设备),,国内,盈康生命是康复医疗品牌，提供老年康复训练、物理治疗等康复服务或设备。,康复设备,运动康复
益生康健,益生康健,食品营养,保健品,B2B,服务商(媒体/数据),,国内,益生康健是银发经济领域行业服务商，为养老产业提供相关产品或服务。,行业服务,行业媒体
盛美诺,盛美诺,食品营养,保健品,B2C,制造商(消费品),,国内,盛美诺是营养保健品品牌，在中老年健康营养市场有布局，提供适合银发人群的保健产品。,健康食品,保健品&OTC
盛通养老,盛通养老,养老服务;消费品,居家护理;智能硬件;适老化;适老化改造,B2B+B2C,平台,,国内,盛通养老是适老化产品品牌，专注老年人居家环境改造和适老化设备研发。,适老化改造,适老家居产品
知识矩阵,知识矩阵,食品营养,保健品,B2C,制造商(消费品),,国内,知识矩阵是营养保健品品牌，在中老年健康营养市场有布局，提供适合银发人群的保健产品。,健康食品,保健品&OTC
硅基仿生,硅基仿生,医疗健康;食品营养,保健品;健康管理,B2C,服务商,,国内,硅基仿生是健康养生品牌，为银发人群提供健康管理或养生保健产品和服务。,健康服务,健康养生
神探伍伍,神探伍伍,食品营养,保健品,B2C,制造商(消费品),,国内,神探伍伍是营养保健品品牌，在中老年健康营养市场有布局，提供适合银发人群的保健产品。,健康食品,保健品&OTC
祥和,祥和,养老服务;消费品,智能硬件;适老化,B2B+B2C,制造商(硬件/设备),,国内,祥和是康复辅具或适老化设备品牌，为老年人和行动不便人群提供辅助产品。,养老用品,肢体障碍
票圈视频,票圈视频,文娱社交,文娱,B2B,服务商(媒体/数据),,国内,票圈视频是银发经济领域行业服务商，为养老产业提供相关产品或服务。,行业服务,行业媒体
福东海,福东海,食品营养,保健品,B2C,制造商(消费品),,国内,福东海是营养保健品品牌，在中老年健康营养市场有布局，提供适合银发人群的保健产品。,健康食品,保健品&OTC
福仕得,福仕得,养老服务;消费品,智能硬件;适老化,B2B+B2C,制造商(硬件/设备),,国内,福仕得是康复辅具或适老化设备品牌，为老年人和行动不便人群提供辅助产品。,养老用品,肢体障碍
福佑,福佑,养老服务;消费品,智能硬件;适老化,B2B+B2C,制造商(硬件/设备),,国内,福佑是康复辅具或适老化设备品牌，为老年人和行动不便人群提供辅助产品。,养老用品,肢体障碍
福寿家,福寿家,养老服务,专业护理;居家护理,B2B+B2C,平台,,国内,福寿家是专业护理服务品牌，提供居家养老护理、医疗护理等上门服务。,养老服务,专业级护理
福康通,福康通,养老服务;消费品,居家护理;智能硬件;适老化;适老化改造,B2B+B2C,平台,,国内,福康通是适老化产品品牌，专注老年人居家环境改造和适老化设备研发。,适老化改造,适老家居产品
福玛玛,福玛玛,消费品,鞋服,B2B,服务商(媒体/数据),,国内,福玛玛是银发经济领域行业服务商，为养老产业提供相关产品或服务。,行业服务,行业媒体
立奇电子,立奇电子,养老服务,专业护理;居家护理,B2B+B2C,平台,,国内,立奇电子是专业护理服务品牌，提供居家养老护理、医疗护理等上门服务。,养老服务,专业级护理
章华,章华,消费品,个护,B2B,服务商(媒体/数据),,国内,章华是银发经济领域行业服务商，为养老产业提供相关产品或服务。,行业服务,行业媒体
米兰登,米兰登,消费品,鞋服,B2B,服务商(媒体/数据),,国内,米兰登是银发经济领域行业服务商，为养老产业提供相关产品或服务。,行业服务,行业媒体
粤嘉康,粤嘉康,食品营养,保健品,B2B,服务商(媒体/数据),,国内,粤嘉康是银发经济领域行业服务商，为养老产业提供相关产品或服务。,行业服务,行业媒体
糖友饱饱,糖友饱饱,食品营养,保健品,B2C,制造商(消费品),,国内,糖友饱饱是营养保健品品牌，在中老年健康营养市场有布局，提供适合银发人群的保健产品。,健康食品,保健品&OTC
糖豆,糖豆,文娱社交,文娱;社交平台,B2B+B2C,平台,,国内,糖豆是中老年社交娱乐平台，为银发群体提供社交互动和兴趣社区服务。,老年文娱,社交平台
纽崔莱,纽崔莱,食品营养,保健品,B2C,制造商(消费品),,国内,纽崔莱是营养保健品品牌，在中老年健康营养市场有布局，提供适合银发人群的保健产品。,健康食品,保健品&OTC
维达,维达,养老服务;消费品,智能硬件;适老化,B2B+B2C,制造商(硬件/设备),,国内,维达是康复辅具或适老化设备品牌，为老年人和行动不便人群提供辅助产品。,养老用品,肢体障碍
绿城康养,绿城康养,养老服务,养老社区,B2B+B2C,平台,,国内,绿城康养是养老机构运营商，运营养老社区或康养项目。,养老地产,运营商
绿康,绿康,养老服务,养老社区,B2B+B2C,平台,,国内,绿康是养老机构运营商，运营养老社区或康养项目。,养老地产,运营商
绿瘦,绿瘦,食品营养,保健品,B2C,制造商(消费品),,国内,绿瘦是营养保健品品牌，在中老年健康营养市场有布局，提供适合银发人群的保健产品。,健康食品,保健品&OTC
美丽岛,美丽岛,养老服务;消费品,智能硬件;适老化,B2B+B2C,制造商(硬件/设备),,国内,美丽岛是康复辅具或适老化设备品牌，为老年人和行动不便人群提供辅助产品。,养老用品,肢体障碍
美呀植牙,美呀植牙,养老服务;消费品,智能硬件;适老化,B2B+B2C,制造商(硬件/设备),,国内,美呀植牙是康复辅具或适老化设备品牌，为老年人和行动不便人群提供辅助产品。,养老用品,肢体障碍
美瑞德,美瑞德,养老服务;消费品,智能硬件;适老化,B2B+B2C,制造商(硬件/设备),,国内,美瑞德是康复辅具或适老化设备品牌，为老年人和行动不便人群提供辅助产品。,养老用品,肢体障碍
美邸中国,美邸中国,养老服务;医疗健康,养老机构;认知症,B2B+B2C,服务商,,国内,美邸（Mederith）是日本知名养老服务品牌的中国分支，运营高端认知症照护机构，引入日式精细化照护理念。,失智老人赛道,照护机构
老人头,老人头,消费品,鞋服,B2B,服务商(媒体/数据),,国内,老人头是银发经济领域行业服务商，为养老产业提供相关产品或服务。,行业服务,行业媒体
老友记,老友记,养老服务,专业护理;居家护理,B2B+B2C,平台,,国内,老友记是专业护理服务品牌，提供居家养老护理、医疗护理等上门服务。,养老服务,专业级护理
老年人才网,老年人才网,文娱社交,文娱;社交平台,B2B+B2C,平台,,国内,老年人才网是中老年社交娱乐平台，为银发群体提供社交互动和兴趣社区服务。,老年文娱,社交平台
老来寿,老来寿,食品营养,保健品,B2C,制造商(消费品),,国内,老来寿是营养保健品品牌，在中老年健康营养市场有布局，提供适合银发人群的保健产品。,健康食品,保健品&OTC
老柚,老柚,文娱社交,文娱;社交平台,B2B+B2C,平台,,国内,老柚是中老年社交娱乐平台，为银发群体提供社交互动和兴趣社区服务。,老年文娱,社交平台
老美华,老美华,消费品,鞋服,B2B,服务商(媒体/数据),,国内,老美华是银发经济领域行业服务商，为养老产业提供相关产品或服务。,行业服务,行业媒体
联谛信息,联谛信息,养老服务;消费品,智能硬件;适老化,B2B+B2C,制造商(硬件/设备),,国内,联谛信息是康复辅具或适老化设备品牌，为老年人和行动不便人群提供辅助产品。,养老用品,肢体障碍
聚鲨环球,聚鲨环球,渠道零售,电商,B2B,服务商(媒体/数据),,国内,聚鲨环球是银发经济领域行业服务商，为养老产业提供相关产品或服务。,行业服务,行业媒体
肌肉科技,肌肉科技,食品营养,保健品,B2C,制造商(消费品),,国内,肌肉科技是营养保健品品牌，在中老年健康营养市场有布局，提供适合银发人群的保健产品。,健康食品,保健品&OTC
脑动极光,脑动极光,养老服务;医疗健康,养老机构;认知症,B2B,技术服务商,,国内,脑动极光（NeuraLum）是数字认知评估与训练平台，用AI技术为老年人提供认知衰退筛查和干预方案。,失智老人赛道,照护机构
自然之声,自然之声,消费品,助听器,B2B,服务商(媒体/数据),,国内,自然之声是银发经济领域行业服务商，为养老产业提供相关产品或服务。,行业服务,行业媒体
臻牧,臻牧,食品营养,保健品,B2C,制造商(消费品),,国内,臻牧是营养保健品品牌，在中老年健康营养市场有布局，提供适合银发人群的保健产品。,健康食品,保健品&OTC
臻行科技,臻行科技,养老服务;消费品,智能硬件;适老化,B2B+B2C,制造商(硬件/设备),,国内,臻行科技是康复辅具或适老化设备品牌，为老年人和行动不便人群提供辅助产品。,养老用品,肢体障碍
舒悦,舒悦,消费品,鞋服,B2B,服务商(媒体/数据),,国内,舒悦是银发经济领域行业服务商，为养老产业提供相关产品或服务。,行业服务,行业媒体
舒莱适,舒莱适,养老服务;消费品,智能硬件;适老化,B2B+B2C,制造商(硬件/设备),,国内,舒莱适是康复辅具或适老化设备品牌，为老年人和行动不便人群提供辅助产品。,养老用品,肢体障碍
舞动时代,舞动时代,文娱社交,文娱;社交平台,B2B+B2C,平台,,国内,舞动时代是中老年社交娱乐平台，为银发群体提供社交互动和兴趣社区服务。,老年文娱,社交平台
艾兰得,艾兰得,食品营养,保健品,B2C,制造商(消费品),,国内,艾兰得是营养保健品品牌，在中老年健康营养市场有布局，提供适合银发人群的保健产品。,健康食品,保健品&OTC
艾益生,艾益生,医疗健康;食品营养,保健品;健康管理,B2C,服务商,,国内,艾益生是健康养生品牌，为银发人群提供健康管理或养生保健产品和服务。,健康服务,健康养生
艾艾贴,艾艾贴,医疗健康;食品营养,保健品;健康管理,B2C,服务商,,国内,艾艾贴是健康养生品牌，为银发人群提供健康管理或养生保健产品和服务。,健康服务,健康养生
芬香电商,芬香电商,渠道零售,电商,B2C,平台,线上,国内,芬香电商是银发经济领域行业服务商，为养老产业提供相关产品或服务。,行业服务,行业媒体
苏立康,苏立康,食品营养,保健品,B2C,制造商(消费品),,国内,苏立康是营养保健品品牌，在中老年健康营养市场有布局，提供适合银发人群的保健产品。,健康食品,保健品&OTC
若创科技,若创科技,养老服务;消费品,智能硬件;适老化,B2B+B2C,制造商(硬件/设备),,国内,若创科技是康复辅具或适老化设备品牌，为老年人和行动不便人群提供辅助产品。,养老用品,肢体障碍
英智,英智,医疗健康;消费品,康复医疗;智能硬件,B2B+B2C,制造商(硬件/设备),,国内,英智是康复医疗品牌，提供老年康复训练、物理治疗等康复服务或设备。,康复设备,运动康复
英洛华,英洛华,养老服务;消费品,智能硬件;适老化,B2B+B2C,制造商(硬件/设备),,国内,英洛华是康复辅具或适老化设备品牌，为老年人和行动不便人群提供辅助产品。,养老用品,肢体障碍
莎浓羊奶,莎浓羊奶,食品营养,保健品,B2C,制造商(消费品),,国内,莎浓羊奶是营养保健品品牌，在中老年健康营养市场有布局，提供适合银发人群的保健产品。,健康食品,保健品&OTC
蒙佩尔兰,蒙佩尔兰,食品营养,保健品,B2C,制造商(消费品),,国内,蒙佩尔兰是营养保健品品牌，在中老年健康营养市场有布局，提供适合银发人群的保健产品。,健康食品,保健品&OTC
蓝力,蓝力,食品营养,保健品,B2C,制造商(消费品),,国内,蓝力是营养保健品品牌，在中老年健康营养市场有布局，提供适合银发人群的保健产品。,健康食品,保健品&OTC
虚之实,虚之实,养老服务;医疗健康,养老机构;认知症,B2B,技术服务商,,国内,虚之实是VR康复训练品牌，用虚拟现实技术为老年认知衰退和康复训练提供方案。,失智老人赛道,照护机构
记忆家,记忆家,养老服务;医疗健康,养老机构;认知症,B2B+B2C,服务商,,国内,记忆家是专注认知症老人照护的服务品牌，提供认知症家庭支持、日间照料和专业照护服务。,失智老人赛道,照护机构
谊安医疗,谊安医疗,养老服务;消费品,智能硬件;适老化,B2B+B2C,制造商(硬件/设备),,国内,谊安医疗是康复辅具或适老化设备品牌，为老年人和行动不便人群提供辅助产品。,养老用品,肢体障碍
豪悦,豪悦,养老服务;消费品,智能硬件;适老化,B2B+B2C,制造商(硬件/设备),,国内,豪悦是康复辅具或适老化设备品牌，为老年人和行动不便人群提供辅助产品。,养老用品,肢体障碍
赋爱科技,赋爱科技,养老服务;医疗健康,养老机构;认知症;适老化,B2B,技术服务商,,国内,赋爱科技是养老科技品牌，专注智能适老化产品和养老信息化方案。,失智老人赛道,照护机构
趣得多,趣得多,渠道零售,电商,B2B,服务商(媒体/数据),,国内,趣得多是银发经济领域行业服务商，为养老产业提供相关产品或服务。,行业服务,行业媒体
足力健,足力健,消费品,鞋服,B2B,服务商(媒体/数据),,国内,足力健是银发经济领域行业服务商，为养老产业提供相关产品或服务。,行业服务,行业媒体
足步医疗,足步医疗,养老服务;消费品,智能硬件;适老化,B2B+B2C,制造商(硬件/设备),,国内,足步医疗是康复辅具或适老化设备品牌，为老年人和行动不便人群提供辅助产品。,养老用品,肢体障碍
达旦无极,达旦无极,养老服务;医疗健康;消费品,养老机构;智能硬件;认知症,B2B+B2C,制造商(硬件/设备),,国内,达旦无极是智能养老设备品牌，研发老年人安全监测和健康追踪产品。,失智老人赛道,照护机构
达晨财智,达晨财智,金融保险,产业资本,未标注,服务商,,国内,达晨财智是国内领先的本土创投机构，管理资产规模超350亿元，在医疗健康和养老产业有多个投资布局。,产业资本,消费背景
达风投资,达风投资,金融保险,产业资本,未标注,服务商,,国内,达风投资是关注银发经济赛道的投资机构，在医疗健康和养老产业有投资布局。,产业资本,消费背景
迈德斯特,迈德斯特,养老服务;消费品,智能硬件;适老化,B2B+B2C,制造商(硬件/设备),,国内,迈德斯特是康复辅具或适老化设备品牌，为老年人和行动不便人群提供辅助产品。,养老用品,肢体障碍
远方好物,远方好物,食品营养,保健品,B2C,制造商(消费品),,国内,远方好物是营养保健品品牌，在中老年健康营养市场有布局，提供适合银发人群的保健产品。,健康食品,保健品&OTC
远洋椿萱茂,远洋椿萱茂,养老服务,养老社区,B2B+B2C,平台,,国内,远洋椿萱茂是养老机构运营商，运营养老社区或康养项目。,养老地产,运营商
迪马常青社,迪马常青社,养老服务,养老社区,B2B+B2C,平台,,国内,迪马常青社是养老机构运营商，运营养老社区或康养项目。,养老地产,运营商
退休俱乐部,退休俱乐部,文娱社交,文娱;社交平台,B2B+B2C,平台,,国内,退休俱乐部是中老年社交娱乐平台，为银发群体提供社交互动和兴趣社区服务。,老年文娱,社交平台
通策医疗,通策医疗,养老服务;消费品,智能硬件;适老化,B2B+B2C,制造商(硬件/设备),,国内,通策医疗是康复辅具或适老化设备品牌，为老年人和行动不便人群提供辅助产品。,养老用品,肢体障碍
遇禾规划,遇禾规划,养老服务;消费品,居家护理;智能硬件;适老化;适老化改造,B2B+B2C,平台,,国内,遇禾规划是适老化产品品牌，专注老年人居家环境改造和适老化设备研发。,适老化改造,适老家居产品
遇见美好,遇见美好,文娱社交,文娱;社交平台,B2B+B2C,平台,,国内,遇见美好是中老年社交娱乐平台，为银发群体提供社交互动和兴趣社区服务。,老年文娱,社交平台
郑远元,郑远元,医疗健康;食品营养,保健品;健康管理,B2C,服务商,,国内,郑远元是健康养生品牌，为银发人群提供健康管理或养生保健产品和服务。,健康服务,健康养生
金牌护士,金牌护士,养老服务,专业护理;居家护理,B2B+B2C,平台,,国内,金牌护士是专业护理服务品牌，提供居家养老护理、医疗护理等上门服务。,养老服务,专业级护理
金矢机器人,金矢机器人,医疗健康;消费品,康复医疗;智能硬件,B2B+B2C,服务商,,国内,金矢机器人是康复医疗品牌，提供老年康复训练、物理治疗等康复服务或设备。,康复设备,运动康复
金鼎资本,金鼎资本,金融保险,产业资本,未标注,服务商,,国内,金鼎资本是关注银发经济赛道的投资机构，在医疗健康和养老产业有投资布局。,产业资本,消费背景
钧晟科技,钧晟科技,医疗健康;消费品,康复医疗;智能硬件,B2B+B2C,制造商(硬件/设备),,国内,钧晟科技是康复医疗品牌，提供老年康复训练、物理治疗等康复服务或设备。,康复设备,运动康复
钰民,钰民,养老服务;消费品,智能硬件;适老化,B2B+B2C,制造商(硬件/设备),,国内,钰民是康复辅具或适老化设备品牌，为老年人和行动不便人群提供辅助产品。,养老用品,肢体障碍
铂桐医疗,铂桐医疗,医疗健康;食品营养,保健品;健康管理,B2C,服务商,,国内,铂桐医疗是健康养生品牌，为银发人群提供健康管理或养生保健产品和服务。,健康服务,健康养生
铱创投资,铱创投资,金融保险,产业资本,未标注,服务商,,国内,铱创投资是关注银发经济赛道的投资机构，在医疗健康和养老产业有投资布局。,产业资本,消费背景
银创资本,银创资本,金融保险,产业资本,未标注,服务商,,国内,银创资本是关注银发经济赛道的投资机构，在医疗健康和养老产业有投资布局。,产业资本,消费背景
银发无忧,银发无忧,养老服务,居家护理,B2B,服务商(媒体/数据),,国内,银发无忧是银发经济领域行业服务商，为养老产业提供相关产品或服务。,行业服务,行业媒体
银彩聚乐部,银彩聚乐部,文娱社交,文娱,B2B,服务商(媒体/数据),,国内,银彩聚乐部是银发经济领域行业服务商，为养老产业提供相关产品或服务。,行业服务,行业媒体
银汤屋,银汤屋,养老服务,专业护理;居家护理,B2B+B2C,平台,,国内,银汤屋是专业护理服务品牌，提供居家养老护理、医疗护理等上门服务。,养老服务,专业级护理
链老网,链老网,养老服务,养老社区,B2B+B2C,平台,,国内,链老网是养老机构运营商，运营养老社区或康养项目。,养老地产,运营商
锣钹科技,锣钹科技,文娱社交,文娱;社交平台,B2B+B2C,平台,,国内,锣钹科技是中老年社交娱乐平台，为银发群体提供社交互动和兴趣社区服务。,老年文娱,社交平台
锦好医疗,锦好医疗,养老服务;消费品,助听器;智能硬件;适老化,B2B+B2C,制造商(硬件/设备),,国内,锦好医疗是康复辅具或适老化设备品牌，为老年人和行动不便人群提供辅助产品。,养老用品,肢体障碍
锦欣福星,锦欣福星,养老服务,养老社区,B2B+B2C,平台,,国内,锦欣福星是养老机构运营商，运营养老社区或康养项目。,养老地产,运营商
长岭资本,长岭资本,金融保险,产业资本,未标注,服务商,,国内,长岭资本是关注银发经济赛道的投资机构，在医疗健康和养老产业有投资布局。,产业资本,消费背景
阳光大姐,阳光大姐,文娱社交,文娱;社交平台,B2B+B2C,平台,,国内,阳光大姐是中老年社交娱乐平台，为银发群体提供社交互动和兴趣社区服务。,老年文娱,社交平台
阿尔发,阿尔发,食品营养,保健品,B2C,制造商(消费品),,国内,阿尔发是营养保健品品牌，在中老年健康营养市场有布局，提供适合银发人群的保健产品。,健康食品,保健品&OTC
阿福医疗,阿福医疗,养老服务,专业护理;居家护理,B2B+B2C,平台,,国内,阿福医疗是专业护理服务品牌，提供居家养老护理、医疗护理等上门服务。,养老服务,专业级护理
青鸟软通,青鸟软通,养老服务,专业护理;居家护理,B2B+B2C,平台,,国内,青鸟软通是专业护理服务品牌，提供居家养老护理、医疗护理等上门服务。,养老服务,专业级护理
韩愢,韩愢,消费品,个护,B2B,服务商(媒体/数据),,国内,韩愢是银发经济领域行业服务商，为养老产业提供相关产品或服务。,行业服务,行业媒体
韩金靓,韩金靓,消费品,个护,B2B,服务商(媒体/数据),,国内,韩金靓是银发经济领域行业服务商，为养老产业提供相关产品或服务。,行业服务,行业媒体
颐佳康,颐佳康,养老服务,养老社区,B2B+B2C,平台,,国内,颐佳康是养老机构运营商，运营养老社区或康养项目。,养老地产,运营商
高樟资本,高樟资本,金融保险,产业资本,未标注,服务商,,国内,高樟资本是关注银发经济赛道的投资机构，在医疗健康和养老产业有投资布局。,产业资本,消费背景
鱼跃,鱼跃,养老服务;消费品,智能硬件;适老化,B2B+B2C,制造商(硬件/设备),,国内,鱼跃是康复辅具或适老化设备品牌，为老年人和行动不便人群提供辅助产品。,养老用品,肢体障碍
鲲鱼健康,鲲鱼健康,食品营养,保健品,B2C,制造商(消费品),,国内,鲲鱼健康是营养保健品品牌，在中老年健康营养市场有布局，提供适合银发人群的保健产品。,健康食品,保健品&OTC
鲸灵集团,鲸灵集团,渠道零售,电商,B2B,服务商(媒体/数据),,国内,鲸灵集团是银发经济领域行业服务商，为养老产业提供相关产品或服务。,行业服务,行业媒体
鹏翼时代,鹏翼时代,文娱社交,文娱;社交平台,B2B+B2C,平台,,国内,鹏翼时代是中老年社交娱乐平台，为银发群体提供社交互动和兴趣社区服务。,老年文娱,社交平台
麦孚,麦孚,食品营养,保健品,B2C,制造商(消费品),,国内,麦孚是营养保健品品牌，在中老年健康营养市场有布局，提供适合银发人群的保健产品。,健康食品,保健品&OTC
麦考林,麦考林,渠道零售,电商,B2B,服务商(媒体/数据),,国内,麦考林是银发经济领域行业服务商，为养老产业提供相关产品或服务。,行业服务,行业媒体
鼎植口腔,鼎植口腔,养老服务;消费品,智能硬件;适老化,B2B+B2C,制造商(硬件/设备),,国内,鼎植口腔是康复辅具或适老化设备品牌，为老年人和行动不便人群提供辅助产品。,养老用品,肢体障碍
AgenT,,医疗健康,认知症,未标注,服务商,,国内,使用常规抽血进行早期阿尔茨海默病检测,失智老人赛道,病情早筛
Alz You Need,,医疗健康,认知症,B2B+B2C,服务商,,国内,为护理人员找到阿尔茨海默症相关技术解决方案的匹配服务,行业服务,行业媒体
Autotune Me,,医疗健康;文娱社交;精神健康,心理健康服务;文娱;认知症,B2C,服务商,,国内,使用音乐解决阿尔茨海默病症状,老年文娱,老年音乐
CareVoice,,金融保险,保险,B2B+B2C,服务商,,国内,帮助保险公司将健康和保健功能整合到平台,行业服务,行业媒体
Coffee Cherry,,食品营养,营养食品,B2B,服务商(媒体/数据),,国内,面包店、咖啡,行业服务,行业媒体
Gyenno,,医疗健康;智能科技,慢病管理;机器人,B2C,服务商,,国内,帕金森及运动障碍患者智能餐勺与慢病管理,行业服务,行业媒体
lyflynks,,养老服务;智能科技,专业护理;护理平台;数字化,B2B+B2C,服务商,线上,国内,移动互联网护理平台，连接C端、护士、护理机构,养老服务,专业级护理
yooLab,,食品营养,营养食品,B2C,制造商(消费品),,国内,为现代人设计智能食品解决方案,行业服务,行业媒体
傅里叶智能,傅里叶智能,智能科技,机器人,B2B+B2C,服务商,,国内,康复机器人，获得较高融资,行业服务,行业媒体
去哪养老网,去哪养老网,文娱社交,咨询研究,B2B,服务商(媒体/数据),,国内,养老服务搜索展示消费评价平台,行业服务,行业媒体
可靠护理,可靠护理,养老服务,专业护理,B2B,服务商(媒体/数据),,国内,成人失禁用品,行业服务,行业媒体
圣德医养,圣德医养,医疗健康,认知症;远程医疗,B2B+B2C,服务商,,国内,半失能、失能、失智老人医养结合，11家连锁机构,行业服务,行业媒体
孝爱宝,孝爱宝,文娱社交,咨询研究,B2B,服务商(媒体/数据),,国内,养老服务搜索展示消费评价平台,行业服务,行业媒体
新东方文旅,新东方文旅,文娱社交,旅游,B2C,服务商,,国内,新东方教育科技集团全资子公司，2023年成立，注册资本10亿元。面向中老年及全年龄段群体提供文化旅行、国际游学、国内研学、营地教育及康养旅居等文旅产品。已...,行业服务,行业媒体
松龄护老,松龄护老,养老服务,居家护理,未标注,上市公司,,国内,香港养老护理提供商，2017年上市,行业服务,行业媒体
梨花教育,梨花教育,文娱社交,教育,B2C,服务商,,国内,国内头部老年教育,行业服务,行业媒体
爱晖,爱晖,医疗健康,健康管理,B2B,技术服务商,,国内,国内服药管理，研发难度很大,行业服务,行业媒体
百合佳缘,百合佳缘,文娱社交,相亲,B2B,服务商(媒体/数据),,国内,有子业务，开展不太顺利,行业服务,行业媒体
科大讯飞,科大讯飞,消费品,助听器,B2B,服务商(媒体/数据),,国内,国内助听巨头,行业服务,行业媒体
红松,红松,文娱社交,教育,B2C,服务商,,国内,国内头部老年教育,行业服务,行业媒体
维小饭,维小饭,食品营养,营养食品,B2C,制造商(消费品),,国内,国内个性化营养,行业服务,行业媒体
蓓姿,蓓姿,养老服务,专业护理,B2B,服务商(媒体/数据),,国内,国内尿失禁产品,行业服务,行业媒体
量子之歌(千尺学堂),量子之歌(千尺学堂),文娱社交,教育,B2C,服务商,,国内,国内头部老年教育,行业服务,行业媒体
锦欣康养,锦欣康养,医疗健康,康复医疗,B2B,服务商(媒体/数据),,国内,养老康复服务机构，成立于2014年,行业服务,行业媒体
小橙长护,小橙长护,养老服务,专业护理;居家护理;适老化,B2C,服务商,,国内,"集""养老护理服务、医养人才培养、数字化医养平台""为一体，提供生活照料、医疗护理、病患管理、康复理疗，以及辅具租赁、适老化改造、护理员培训等服务。2023....",养老服务,专业级护理
璞缘照护,璞缘照护,养老服务,专业护理;居家护理,B2B+B2C,服务商,,国内,专注居家护理养老服务，在全国30个城市连锁布局长护定点业务，以社区为依托，承接多地社区日照、养老服务中心、养老驿站的运营服务。2023.03 A轮融资数千万元,养老服务,专业级护理
青松康护,青松康护,养老服务,专业护理;居家护理,B2B+B2C,平台,,国内,康复护理服务机构，专门服务于居住在家中和社区内的老年人、残疾人、病后术后康复期人群，提供专业规范的长期照护和康复护理服务。2016年B轮数千万美元,养老服务,专业级护理
颐家养老,颐家养老,养老服务,居家护理,B2B+B2C,平台,,国内,"为社区老人提供医、护、康、养、险服务，通过机构、站点、居家等多种服务模式，形成特色的""医养服务平台网络""，实现""全人、全龄、全家、全程""照护服务。2023...",行业服务,行业媒体
二毛照护,二毛照护,养老服务;医疗健康,专业护理;居家护理;认知症,B2B+B2C,平台,,国内,主要面向高龄、失能、失智人群，为用户提供生活照护、病症护理、病后康复等方面一站式居家照护服务。业务包括整月照护、全天照护、失智照护以及分时照护。2016....,养老服务,专业级护理
小羊养老,小羊养老,养老服务,居家护理;适老化;适老化改造,B2B+B2C,服务商,,国内,专业的陪诊业务和适老化改造业务是小羊养老目前最主要的服务。2022.08天使轮数百万元融资,健康服务,陪诊服务
清檬养老,清檬养老,养老服务;文娱社交,居家护理;文娱;社交平台,B2B+B2C,平台,,国内,自主研发养老人才教育培训体系和智慧照护体系，提供24小时居家照护服务、社区托管照护服务、上门服务、康复护理以及疗养度假服务。未融资，获得奖项较多,老年文娱,社交平台
玛土撒拉,玛土撒拉,食品营养,营养食品,B2C,制造商(消费品),,国内,深耕于特医食品行业，集研发、生产、销售于一体的医学营养科技型企业。出品四大系列医学营养产品：特医食品系列、营养强化系列、低GI系列、控能食品系列。2022...,健康食品,特医食品
甲子科技(甲子养老),甲子科技(甲子养老),养老服务;渠道零售,适老化;零售,未标注,服务商,线下,国内,线下门店销售代步车、适老辅具，上门测量改造服务,购物渠道,线下渠道
令羽(肤恩),令羽(肤恩),消费品,个护;日用,未标注,服务商,,国内,茶香香氛润肤乳，主打老年干燥肌基础保湿,日常用品,老年护肤
瑞邦生物,瑞邦生物,消费品,个护,B2C,制造商(消费品),,国内,食品肽原料，旗下拥有韩愢染发自有消费品牌,日常用品,假发
麦孚营养,麦孚营养,食品营养,营养食品,B2C,制造商(消费品),,国内,全营养、特定疾病、老年营养特医配方,日常用品,假发
冬泽特医,冬泽特医,食品营养,营养食品,B2C,制造商(消费品),,国内,术后全营养、吞咽匀浆膳，长三角医院、养老机构渠道,日常用品,假发
优生活羊奶,优生活羊奶,食品营养,保健品;营养食品,未标注,服务商,,国内,液态羊奶、羊奶粉，广东、福建中老年市场深耕,购物渠道,线下渠道
退休俱乐部(东犁),退休俱乐部(东犁),文娱社交,文娱;旅游,B2C,服务商,线下,国内,电视节目引流中老年周边、长线康养旅游，线下聚会服务,日常用品,假发
彭世修脚,彭世修脚,消费品,个护,B2B+B2C,平台,线下,国内,修脚、足疗、采耳、推拿中老年线下社区养生服务,购物渠道,线下渠道
唯艾科技,唯艾科技,渠道零售,零售,未标注,服务商,线下,国内,家用、门店智能艾灸理疗，中老年养生体验转化产品,购物渠道,线下渠道
清雷科技,清雷科技,养老服务;医疗健康;消费品,个护;健康监测;居家护理,B2B+B2C,平台,,国内,毫米波雷达无感跌倒、生命体征监测，养老机构+居家双场景,日常用品,假发
苗米科技,苗米科技,医疗健康;消费品,个护;健康监测;智能硬件,B2B+B2C,平台,,国内,毫米波+红外融合跌倒、生命体征监测设备，华东社区养老深耕,日常用品,假发
点可科技,点可科技,医疗健康;消费品,个护;健康监测,B2B+B2C,平台,,国内,家用跌倒报警器，C端家庭零售+社区批量采购,日常用品,假发
兆观智能,兆观智能,医疗健康;消费品,个护;健康监测,B2B,制造商(硬件/设备),,国内,无感床垫式睡眠呼吸监测，老年睡眠呼吸暂停筛查二类医疗器械,日常用品,假发
享睡Sleepace,享睡Sleepace,养老服务;医疗健康;消费品,个护;健康监测;居家护理;智能硬件,B2B+B2C,平台,,国内,家用无感睡眠监测垫，居家、养老机构双场景硬件,日常用品,假发
大耳马医学,大耳马医学,养老服务;医疗健康;消费品,个护;健康监测;居家护理;慢病管理,B2B+B2C,平台,,国内,鼾症、睡眠呼吸暂停居家监测，适配老年慢病人群,日常用品,假发
太平梧桐人家,太平梧桐人家,文娱社交,文娱;社交平台,B2B+B2C,服务商,,国内,保险对接高端持续照料社区，上海旗舰,老年文娱,社交平台
复星保德信颐养,复星保德信颐养,养老服务,养老社区,B2B+B2C,平台,,国内,复星蜂巢配套养老社区，高净值客群,行业服务,行业媒体
安养养老（安养帮）,安养养老（安养帮）,养老服务,养老社区,B2B+B2C,平台,线上,国内,线上机构检索、点评、预约入住服务,养老地产,运营商
天一智慧,天一智慧,养老服务;消费品,居家护理;智能硬件,B2B+B2C,平台,,国内,社区智慧平台、居家监护硬件配套,行业服务,行业媒体
戴恩医疗,戴恩医疗,养老服务,居家护理,B2B+B2C,服务商,,国内,失能老人上门洗澡、身体清洁护理,养老服务,助浴助洁
鱼跃医疗,鱼跃医疗,养老服务,适老化,B2B,制造商(硬件/设备),,国内,手动/电动轮椅、护理器械全产业链,养老用品,肢体障碍
互邦医疗,互邦医疗,养老服务,适老化,未标注,服务商,,国内,医院、养老院批量手动/电动轮椅,购物渠道,线下渠道
振邦医疗,振邦医疗,养老服务,适老化,未标注,服务商,,国内,手动轮椅、助行器县域渠道批发,养老用品,肢体障碍
厚福医疗,厚福医疗,养老服务,专业护理,B2B+B2C,服务商,,国内,三甲、大型护理院高端护理床,养老服务,专业级护理
德林假肢,德林假肢,养老服务;医疗健康,康复医疗;适老化,未标注,服务商,,国内,下肢、上肢假肢定制+康复训练,购物渠道,线下渠道
博音听力,博音听力,消费品,助听器,未标注,服务商,,国内,助听器验配、听力康复服务,购物渠道,线下渠道
一康医疗,一康医疗,医疗健康;消费品,康复医疗;智能硬件,B2B,制造商(硬件/设备),,国内,下肢步态、上肢康复训练器械,康复设备,运动康复
豪悦护理,豪悦护理,养老服务,专业护理,未标注,上市公司,,国内,A股护理用品龙头，成人失禁用品ODM+自有品牌双轮驱动,养老用品,成人失禁
曼景科技,曼景科技,医疗健康;消费品,康复医疗;智能硬件;认知症,B2B+B2C,制造商(硬件/设备),,国内,神经调控康复设备，聚焦老年认知障碍、精神疾病康复,康复设备,运动康复
品驰医疗,品驰医疗,医疗健康;消费品,康复医疗;智能硬件,B2B+B2C,制造商(硬件/设备),,国内,脑起搏器龙头，帕金森等老年神经疾病植入式治疗设备,康复设备,运动康复
英智康复,英智康复,医疗健康;消费品,康复医疗;智能硬件;认知症,B2B+B2C,服务商,线下,国内,神经康复医疗连锁，脑卒中、老年认知障碍线下康复中心,康复设备,运动康复
爱康医疗,爱康医疗,医疗健康;消费品,康复医疗;智能硬件,B2B,制造商(硬件/设备),,国内,骨科植入物+肿瘤康复设备厂商，医用康复器械配套医院,康复设备,运动康复
养老福祉圈,养老福祉圈,养老服务;文娱社交,行业媒体;适老化;适老化改造,B2B,服务商(媒体/数据),,国内,养老辅具与福祉产业垂直媒体，聚焦适老产品赛道,行业服务,行业媒体
小咖云,小咖云,文娱社交;智能科技,数字化;行业媒体,B2B,服务商(媒体/数据),,国内,养老产业资讯与资源对接平台，侧重中小养老机构服务,行业服务,行业媒体
银行＆保险公司,银行＆保险公司,金融保险,保险;养老金融,B2B+B2C,服务商,,国内,银行养老理财、保险年金、增额终身寿等银发主流理财渠道,行业服务,金融理财
绿康医养,绿康医养,养老服务,养老社区,B2B+B2C,服务商,,国内,浙江医养结合连锁龙头，主打护理型刚需养老机构,养老地产,运营商
哺恩养老,哺恩养老,养老服务;医疗健康,养老社区;认知症,B2B+B2C,服务商,,国内,认知症专业照护连锁机构，聚焦失智老人刚需照护,养老地产,运营商
方文咨询,方文咨询,文娱社交,咨询研究,B2B,服务商,,国内,养老行业运营咨询，聚焦机构运营提升、公建民营投标,行业服务,咨询研究
群业咨询,群业咨询,文娱社交,咨询研究,未标注,服务商,,国内,康养产业规划咨询，服务地方政府康养产业落地,行业服务,咨询研究
天佑安康,天佑安康,文娱社交,咨询研究,B2B,服务商,,国内,养老机构运营咨询与托管，专注中小养老机构盈利提升,行业服务,咨询研究
Chapter,,金融保险,保险;养老金融,B2B+B2C,服务商,,海外,数字健康初创公司，帮助老年人了解医疗保险方案。成立于2020年。,行业服务,金融理财
Honor,,养老服务,专业护理;居家护理,B2B+B2C,服务商,,海外,"养老网络技术平台，为护理员提供个性化福利，连接C端和护理员。被称为""滴滴护工""。",养老服务,专业级护理
Inspiren,,医疗健康;消费品,健康监测;智能硬件,B2B,技术服务商,,海外,AI驱动的老年生活技术，用于监测和改善老年人生活质量。,老年文娱,社交平台
Accompany Health,,养老服务,居家护理,B2B+B2C,服务商,,海外,为有复杂需求的低收入患者提供全天候虚拟和面对面初级、行为和社会护理服务。,健康食品,保健品&OTC
Ageless Innovation,,养老服务;文娱社交,专业护理;文娱,B2B+B2C,服务商,,海外,以Joy for All Companion Pets系列为起点，专注创造促进乐趣和陪伴的产品，降低护理成本并为老年人建立联系。,养老服务,专业级护理
Amedisys,,养老服务;医疗健康,专业护理;临终关怀;居家护理,B2B+B2C,平台,,海外,美国大型居家护理服务提供商，2024年8月被正式收购（33亿美元），之前因反垄断推迟。,养老服务,专业级护理
Athulya Senior Care,,渠道零售,零售,B2B+B2C,服务商,,海外,印度养老护理连锁，提供从独立生活到专业护理的全链条服务。,购物渠道,线下渠道
Blooming Health,,养老服务;医疗健康;文娱社交;智能科技,SODH;专业护理;数字化;文娱,B2B+B2C,平台,,海外,21个州700+社区项目，连接医疗保健提供者和社会服务组织，为老年人提供交通、送餐、社交等支持。,养老服务,专业级护理
CarePredict,,医疗健康,健康监测;远程医疗,B2B,技术服务商,,海外,AI驱动数字健康平台，自主识别日常活动和行为变化，检测健康问题早期迹象。住院率降低39%，跌倒率降低69%。,行业服务,行业媒体
Cariloop,,养老服务,专业护理,B2B+B2C,服务商,,海外,让公司支持在职护理人员，提高员工福利和留任率。为宝洁、毕马威等提供服务，收入3年增长近300%。NPS超80。,养老服务,专业级护理
Cera Care,,养老服务,专业护理;居家护理,未标注,服务商,,海外,欧洲最大数字优先家庭医疗保健服务提供商。90%收入来自NHS和地方政府合同。过去三年增长100倍。,养老服务,专业级护理
Empathy,,医疗健康,临终关怀,B2B+B2C,服务商,,海外,为失去亲人的家庭提供全面支持，包括悲伤辅导、遗产规划、行政事务处理等。,养老服务,临终关怀
ForSight Robotics,,智能科技,机器人,B2B+B2C,服务商,,海外,机器人白内障手术创新。半数美国人在80岁患白内障，三分之一在60岁以下就患病。,行业服务,行业媒体
Habitat Health,,养老服务;医疗健康,SODH;专业护理;养老社区,B2B+B2C,平台,,海外,构建技术平台使医疗保健提供者解决健康社会决定因素。参与PACE计划，帮助老年人管理健康并在家庭和社区保持独立。,养老服务,专业级护理
Hinge Health,,医疗健康,健康管理;慢病管理,B2B+B2C,服务商,,海外,数字MSK（肌肉骨骼）护理，虚拟/面对面肌肉骨骼护理。股票代码HNGE。,健康服务,慢病管理
Homethrive,,养老服务,专业护理;护理平台,B2B+B2C,服务商,,海外,对护理员的情感、专业、工作、福利等方面提供支持。客户来自健康计划、企业、个人。成立于2018年。,养老服务,专业级护理
IXI,,消费品,眼镜,B2B,服务商(媒体/数据),,海外,世界上第一款自动对焦眼镜，根据佩戴者老花眼自动调节度数。亚马逊等投资。,行业服务,行业媒体
IntusCare,,养老服务,专业护理;居家护理,B2B+B2C,服务商,,海外,老年护理预测分析解决方案提供商，改善有复杂需求老年人的治疗结果。为PACE计划提供数字化平台。,养老服务,专业级护理
Rippl Care,,养老服务;医疗健康;精神健康,养老机构;心理健康服务;认知症,未标注,服务商,,海外,痴呆症心理健康服务提供商。,失智老人赛道,照护机构
Seen Health,,养老服务;金融保险,专业护理;产业资本;养老社区,B2B+B2C,上市公司,,海外,PACE计划，为享受Medicare/Medicaid的慢性病老年人提供全面医疗和社会支持。参考上市公司Innovage。,养老服务,专业级护理
Silvernest,,养老服务,养老社区,B2B,技术服务商,,海外,帮助空巢老人将房间出租给学生和专业人士，跨代合住缓解孤独并提供技术支持。,行业服务,行业媒体
Sprinter Health,,医疗健康,远程医疗,B2B+B2C,服务商,,海外,提供上门移动医疗服务（抽血、生命体征、医疗测试），主要支付方Medicare/Medicaid。,行业服务,行业媒体
Sword Health,,医疗健康,健康管理;慢病管理,B2B,技术服务商,,海外,全球约17亿人患MSK疾病。Sword Health从背部/关节疼痛扩展到女性骨盆健康。运用AI。,健康服务,慢病管理
Tombot,,养老服务;医疗健康;文娱社交,养老机构;文娱;认知症;陪伴机器人,B2B+B2C,服务商,,海外,加利福尼亚机器人公司，生产机器小狗作为痴呆症和轻度认知障碍患者的伴侣动物。,失智老人赛道,照护机构
True Link Financial,,金融保险,保险;养老金融,B2C,服务商,,海外,为老年人和残疾人管理资金、防止金融欺诈。管理资产超10亿美元，服务家庭超25万。,行业服务,金融理财
Vesta Healthcare,,养老服务,专业护理;居家护理,B2B+B2C,平台,,海外,让居家护理人员与付款人和临床医生共享信息改善治疗效果。为超过5万老年人服务。,养老服务,专业级护理
Vytalize Health,,养老服务;金融保险,专业护理;产业资本;保险;居家护理;虚拟护理,B2B+B2C,服务商,,海外,居家护理+价值医疗模式，为Medicare Advantage人群提供服务。,养老服务,专业级护理
Wellthy,,养老服务,专业护理;护理平台,B2B+B2C,服务商,,海外,技术驱动，数百名全职护理专家，为员工提供从出生到丧亲的护理需求支持。成立于2014年。,养老服务,专业级护理
A Place for Mom,,养老服务,养老机构;护理平台,B2B,服务商,,海外,养老机构匹配咨询,养老地产,养老院中介
AARP Innovation Labs / AgeTech Collaborative,,文娱社交,行业媒体,B2B,技术服务商,,海外,AARP是美国最大的老年人权益倡导组织（3800万会员），其AgeTech Collaborative项目旨在加速老年科技创新生态，连接创业者、投资人和养老服务,行业服务,行业媒体
英国,英国,文娱社交,咨询研究,B2B,技术服务商,,海外,此处指英国在银发经济领域的政策与市场环境，英国是全球老龄化程度较高的国家之一，拥有完善的国民医疗服务体系（NHS）和活跃的老年科技创业生态。,行业服务,行业媒体
Aging2.0 Collective,,文娱社交,行业媒体,B2B,技术服务商,,海外,Aging2.0 Collective是全球性老年科技创新网络，由Stephen Johnston创立，在全球30+城市设有分部，连接创业者、投资人和养老服务机,行业服务,行业媒体
Amava,,文娱社交,教育,B2B+B2C,平台,,海外,虚拟终身学习社区,行业服务,行业媒体
亚马逊,亚马逊,渠道零售,零售,B2C,平台,线上,海外,Amazon（亚马逊）是全球最大的电商和云计算公司，在银发经济领域通过Alexa智能语音助手、AWS云服务和Amazon Care等业务布局老年健康与智慧养老。,购物渠道,线上渠道
Apax Partners,,金融保险,产业资本,B2B,服务商(媒体/数据),,海外,Apax Partners是全球知名私募股权投资公司，管理资产超过500亿美元，在医疗健康和养老服务领域有多个投资布局。,行业服务,行业媒体
宝马,宝马,养老服务,适老化,B2C,服务商,,海外,BMW（宝马）在银发经济领域聚焦老年人出行，通过车内适老化设计、辅助驾驶技术等提升老年驾驶者的安全性和舒适度。,行业服务,行业媒体
美国银行,美国银行,金融保险,养老金融,B2B,服务商(媒体/数据),,海外,Bank of America（美国银行）在银发经济领域提供退休规划、财富管理、老年金融防欺诈等服务，是全球最大的退休账户管理机构之一。,行业服务,行业媒体
百思买,百思买,医疗健康;渠道零售,远程医疗;零售,B2B+B2C,服务商,,海外,Best Buy（百思买）是全球最大的消费电子零售商，通过收购GreatCall（$800M）和Current Health（$400M）大举进入老年科技和远程,购物渠道,线下渠道
Bold,,养老服务;文娱社交,健身;居家护理;文娱,B2B+B2C,平台,,海外,定制化老年居家健身方案,老年文娱,老年健身
Brookdale Senior Living,布鲁克代尔,文娱社交,文娱;社交平台,B2B+B2C,服务商,,海外,连锁养老社区,老年文娱,社交平台
Cake,,医疗健康,临终关怀,B2B,服务商(媒体/数据),,海外,全场景临终规划与文档管理,行业服务,行业媒体
Care.com,,养老服务,专业护理;护理平台,B2B+B2C,服务商,,海外,儿童照护、老年照护等全品类照护服务匹配,养老服务,专业级护理
CareAcademy,,养老服务,专业护理;居家护理,B2B+B2C,平台,,海外,居家照护从业者职业培训,养老服务,专业级护理
CareLinx,,养老服务,护理平台,B2B+B2C,服务商,,海外,护工与家庭匹配服务,养老服务,专业级护理
Carewell,,渠道零售,零售,B2C,服务商,,海外,家庭照护用品配送、照护知识教育,购物渠道,线上渠道
Current Health,,养老服务;医疗健康,居家护理;远程医疗,B2B+B2C,平台,,海外,居家生命体征监测系统,行业服务,行业媒体
现名 CoGenerate,现名 CoGenerate,文娱社交,就业;文娱,B2B+B2C,服务商,,海外,资深人才与非营利组织匹配、代际连接项目,健康服务,再就业
Everplans,,医疗健康,临终关怀,B2B,服务商(媒体/数据),,海外,提供遗嘱、预立医疗指示等临终规划工具,行业服务,行业媒体
Eversafe,,金融保险,养老金融,B2B,服务商(媒体/数据),,海外,老年金融诈骗监测与防护,行业服务,行业媒体
Meta,元公司（Meta）,医疗健康;文娱社交;消费品,文娱;智能硬件;社交平台;认知症,B2B+B2C,制造商(硬件/设备),,海外,Meta（前Facebook）在银发经济领域通过Oculus VR设备为老年人提供社交和认知训练体验，同时研究VR在老年认知衰退干预中的应用。,老年文娱,社交平台
富达投资,富达投资,金融保险,养老金融,B2B,服务商(媒体/数据),,海外,Fidelity Investments（富达投资）是全球最大的资产管理公司之一，管理资产超过4万亿美元，在退休规划和养老金融领域是行业标杆。,行业服务,行业媒体
FreeWill,,医疗健康,临终关怀,B2B,服务商(媒体/数据),,海外,在线遗嘱订立、遗产规划工具,行业服务,行业媒体
Gather,,文娱社交,文娱;社交平台,B2C,平台,,海外,机构合作的虚拟直播学习活动,老年文娱,社交平台
GoGoGrandparent,,医疗健康,远程医疗,B2B,服务商(媒体/数据),,海外,无 App 叫车服务,行业服务,行业媒体
Golden,,金融保险,养老金融,B2B,服务商(媒体/数据),,海外,老年人资金安全管理服务,行业服务,行业媒体
GoodTrust,,医疗健康,临终关怀,B2B,服务商(媒体/数据),,海外,遗产规划、数字资产继承,行业服务,行业媒体
GreatCall,,医疗健康;消费品,康复医疗;智能硬件,B2C,制造商(硬件/设备),,海外,老人手机、一键呼叫可穿戴设备,康复设备,运动康复
Greycroft Partners,,金融保险,产业资本,B2B,技术服务商,,海外,Greycroft Partners是专注早期和成长期投资的VC，在消费科技和医疗健康领域有布局，投资了多个老年科技项目。,产业资本,消费背景
Hebrew Senior Life,,养老服务;医疗健康,健康管理;养老社区,B2B+B2C,平台,,海外,养老社区与老年医疗服务,行业服务,行业媒体
Home Instead,,养老服务,专业护理;居家护理,B2B+B2C,平台,,海外,居家护工服务网络,养老服务,专业级护理
Humana / Aetna / UnitedHealth / Cigna,,金融保险,产业资本,B2B+B2C,服务商,,海外,美国四大健康保险巨头（Humana、Aetna、UnitedHealth、Cigna），在Medicare Advantage市场占据主导地位，是美国老年健康保,行业服务,行业媒体
Iris Healthcare,,医疗健康,临终关怀,B2B,服务商(媒体/数据),,海外,临终意愿规划与姑息治疗对接,行业服务,行业媒体
摩根大通,摩根大通,金融保险,养老金融,B2B,服务商(媒体/数据),,海外,JPMorgan Chase（摩根大通）是全球最大的金融服务公司之一，通过其Age-Linked投资策略和JPMorgan Asset Management布局,行业服务,行业媒体
强生,强生,医疗健康,慢病管理,B2B,服务商(媒体/数据),,海外,Johnson & Johnson（强生）是全球最大的医疗健康公司之一，在老年慢病管理、关节置换、眼科等领域有深度布局，旗下多个产品线直接服务老年人群。,行业服务,行业媒体
凯撒医疗,凯撒医疗,金融保险,产业资本;保险,B2B+B2C,服务商,,海外,Kaiser Permanente（凯撒医疗）是美国最大的非营利性整合医疗体系，服务1200万+会员，在老年健康管理和Medicare Advantage市场占,行业服务,行业媒体
Lively,,养老服务;医疗健康,健康管理;居家护理,B2B+B2C,平台,,海外,居家养老健康安全平台,健康服务,健康养生
Livongo,,医疗健康,慢病管理,B2B,服务商(媒体/数据),,海外,糖尿病数字化管理,行业服务,行业媒体
Lululemon,,消费品,鞋服,B2B+B2C,平台,,海外,Lululemon是全球运动服饰品牌，在银发经济领域通过功能性运动服饰和社区活动鼓励老年人保持积极运动的生活方式。,行业服务,行业媒体
Lyft Health,,医疗健康,远程医疗,B2B,服务商(媒体/数据),,海外,医疗场景用车服务,行业服务,行业媒体
麻省理工学院年龄实验室,麻省理工学院年龄实验室,文娱社交,咨询研究,B2B,技术服务商,,海外,MIT AgeLab（麻省理工学院年龄实验室）由Joseph Coughlin博士创立，是全球领先的老年科技学术研究机构，研究老龄化与技术的交叉领域。,适老化改造,适老家居产品
梅奥诊所,梅奥诊所,医疗健康,远程医疗,B2B+B2C,服务商,,海外,Mayo Clinic（梅奥诊所）是美国顶级医疗中心，在老年医学、远程医疗和AI辅助诊断领域处于领先地位，运营多个老年医学研究中心。,行业服务,行业媒体
联邦医疗保险优势计划,联邦医疗保险优势计划,金融保险,保险,B2B+B2C,服务商,,海外,Medicare Advantage（联邦医疗保险优势计划，又称Part C）是美国政府Medicare的私营化版本，由商业保险公司运营，覆盖超过50%的Med,行业服务,行业媒体
美世咨询,美世咨询,文娱社交,咨询研究,B2B,服务商,,海外,Mercer（美世咨询）是全球领先的人力资源咨询公司，在退休规划、养老金管理和员工福利领域是行业标杆，服务全球数百万退休人员。,行业服务,咨询研究
美林证券，美国银行旗下,美林证券，美国银行旗下,金融保险,养老金融,B2B,服务商(媒体/数据),,海外,面向全年龄段提供财富管理、退休规划服务,行业服务,行业媒体
Nesterly,,养老服务,养老社区,B2B,服务商(媒体/数据),,海外,老年房主与年轻室友匹配、背景调查,行业服务,行业媒体
耐克,耐克,文娱社交,健身;文娱,B2C,服务商,,海外,运动鞋服、运动装备研发销售,老年文娱,老年健身
NimbleRx,,医疗健康,药品,B2B,服务商(媒体/数据),,海外,处方药品上门配送,行业服务,行业媒体
OXO,,消费品,日用,B2B,服务商(媒体/数据),,海外,人体工学厨房工具,行业服务,行业媒体
PillPack,,医疗健康,医疗器械,B2B,服务商(媒体/数据),,海外,按剂量分装的药品配送服务,行业服务,行业媒体
Pivotal Ventures,,金融保险,产业资本,未标注,服务商,,海外,Pivotal Ventures是Melinda French Gates创立的投资和慈善机构，关注女性经济赋权和老年人财务安全，在银发经济领域有战略投资布局。,产业资本,消费背景
Primetime Partners,,金融保险,产业资本,B2B,技术服务商,,海外,Primetime Partners是专注银发经济（50+人群）的风险投资基金，由Alan Patricof创立，投资了多个老年科技和老年消费项目。,产业资本,消费背景
保德信金融,保德信金融,金融保险,养老金融,B2B,服务商(媒体/数据),,海外,Prudential Financial（保德信金融）是全球最大的金融服务公司之一，在退休金管理、年金和老年财富规划领域是行业领导者。,行业服务,行业媒体
ReBoot Accel,,文娱社交,就业,B2B,服务商(媒体/数据),,海外,职业中断人群技能更新与求职支持,行业服务,行业媒体
Rendever,,文娱社交,文娱,B2B,服务商(媒体/数据),,海外,老年 VR 社交与云游览服务,行业服务,行业媒体
Road Scholar,,文娱社交,教育;文娱;旅游,B2C,服务商,,海外,面向中老年的教育性旅行,老年文娱,老年教育
三星,三星,养老服务;消费品,智能硬件;适老化,B2C,制造商(消费品),,海外,Samsung（三星）在银发经济领域通过智能健康设备、Digital Health平台和适老化电子产品布局老年健康市场，同时在韩国本土市场运营养老服务平台。,行业服务,行业媒体
Seniorly,,养老服务,养老社区,B2B,服务商,,海外,养老机构在线搜索与咨询,养老地产,运营商
Silver Bills,,金融保险,养老金融,B2B,服务商(媒体/数据),,海外,为老年人提供代付账单的金融辅助服务,行业服务,行业媒体
Silvur,,金融保险,养老金融,B2B,服务商(媒体/数据),,海外,退休财务规划工具,行业服务,行业媒体
斯坦福长寿研究中心,斯坦福长寿研究中心,医疗健康;金融保险,健康管理;养老金融,B2B,服务商(媒体/数据),,海外,Stanford Center on Longevity（斯坦福长寿研究中心）是全球顶级老龄化研究机构，研究长寿社会的金融、健康和生活方式变革，发布影响力很大的,行业服务,行业媒体
Techstars Future of Longevity Accelerator,,金融保险,产业资本,B2B,技术服务商,,海外,Techstars Future of Longevity是Techstars旗下专注银发经济的加速器项目，每年孵化10+老年科技创业公司，由MetLife基金,行业服务,行业媒体
Teladoc,,医疗健康,慢病管理;远程医疗,B2B+B2C,服务商,,海外,全科远程问诊服务,健康服务,慢病管理
Tembo Health,,医疗健康,慢病管理;认知症;远程医疗,B2B+B2C,服务商,,海外,老年专科远程医疗服务,健康服务,慢病管理
True Link,,金融保险,养老金融,B2B,服务商(媒体/数据),,海外,为老年人提供账单管理、限额支付卡等服务,行业服务,行业媒体
Uber Health,,医疗健康,远程医疗,B2B,服务商(媒体/数据),,海外,非紧急医疗接送服务,行业服务,行业媒体
UpsideHōM,,养老服务,养老社区,B2B+B2C,平台,,海外,带服务的老年公寓,养老地产,运营商
村庄网络,村庄网络,文娱社交,文娱;社交平台,B2B+B2C,平台,,海外,邻里互助养老社区运营,老年文娱,社交平台
Vynca,,医疗健康,临终关怀,B2B,服务商(媒体/数据),,海外,预立医疗指示数字化,行业服务,行业媒体
Warby Parker,,消费品;渠道零售,日用;零售,未标注,服务商,线上;线下,海外,平价眼镜线上线下零售,购物渠道,线下渠道
Wider Circle,,文娱社交,文娱;社交平台,B2C,平台,,海外,邻里互助小组、老年社交与健康管理,老年文娱,社交平台
iRelaunch,,文娱社交,就业,B2B,服务商(媒体/数据),,海外,职业中断人群重返职场支持,行业服务,行业媒体
The Villages,,养老服务;文娱社交,养老社区;文娱;社交平台,B2B+B2C,平台,,海外,美国最大的老年退休社区运营商，社区数量超过175个，分布在美国的28个州。退休社区模式让老年人在统一规划的社区内享受独立生活、社交活动和医疗服务。,老年文娱,社交平台
Riverspring Living,,养老服务,养老机构,B2B+B2C,服务商,,海外,大型养老康复机构，专注于将AgeTech（AI/VR/机器人）从理论转化为实际ROI。接受TheGerontechnologist采访，深度分享技术落地经验。,养老服务,专业级护理
August Health,,养老服务,专业护理;养老社区,B2B,制造商(药),,海外,为老年生活社区（assisted living/nursing home）提供一体化数字化解决方案，包括电子病历(EHR)、入住登记、药物管理(eMAR)、护理,养老服务,专业级护理
Cala Health,,医疗健康;消费品;金融保险,产业资本;健康管理;智能硬件;认知症,B2B+B2C,服务商,,海外,开发FDA批准的非侵入式可穿戴设备，用于缓解特发性震颤（常见于老年人群）。与Medicare保险绑定，为患者提供非药物解决方案。,健康服务,健康养生
Synapticure,,养老服务;医疗健康,专业护理;认知症;远程医疗,B2B+B2C,服务商,,海外,致力于改善阿尔茨海默病及相关痴呆症、帕金森病患者的治疗机会和护理效果，同时为护理人员提供支持。连接患者与神经科专家，提供远程问诊和护理协调。,养老服务,专业级护理
Geri Care,,养老服务;医疗健康,专业护理;健康管理,B2B+B2C,服务商,,海外,印度首家专注于老年人的综合医疗服务提供商，2018年创立，提供360度连续护理模式，包括预防、诊断、治疗、康复和长期护理。,养老服务,专业级护理
Hello Sage,,养老服务,专业护理;养老社区,B2B+B2C,平台,,海外,总部位于纽约的老年生活运营管理平台提供商，为老年社区提供基于云的运营系统，帮助社区优化人员配置、提供更好的住户护理并提供数据洞察。,养老服务,专业级护理
Papa,,养老服务;医疗健康;文娱社交,专业护理;远程医疗;陪伴服务,B2B+B2C,服务商,,海外,技术平台，连接大学生/护理专业学生与老年人，提供交通、家务、陪伴等服务。也被称为优步护工模式，同时与辅助生活社区合作提供远程医疗服务。,养老服务,专业级护理
Oak Street Health,橡树街健康,医疗健康;金融保险,产业资本;健康管理,B2B+B2C,服务商,,海外,专注Medicare患者的初级保健连锁诊所，以预防性、全面护理为特色。平均患者年龄68岁，医患配比高，能同时满足看病、学习、交友需求。被Optum收购。,健康食品,保健品&OTC
Lifeway Mobility,,养老服务;消费品,居家护理;智能硬件;适老化;适老化改造,B2B+B2C,平台,,海外,居家无障碍解决方案公司，销售、安装和维护楼梯升降机、轮椅坡道、轮椅升降机、转运辅助设备、家用电梯和浴室安全产品。提供免费居家评估和咨询服务，通过医疗保健渠道获客,适老化改造,适老家居产品
Humana,,金融保险,产业资本;保险,B2B+B2C,服务商,,海外,美国头部Medicare Advantage运营商,行业服务,行业媒体
Aetna,,金融保险,产业资本;保险,B2B+B2C,服务商,,海外,美国头部Medicare Advantage运营商,行业服务,行业媒体
UnitedHealth,,金融保险,产业资本;保险,B2B+B2C,服务商,,海外,美国头部Medicare Advantage运营商,行业服务,行业媒体
Cigna,,金融保险,产业资本;保险,B2B+B2C,服务商,,海外,美国头部Medicare Advantage运营商,行业服务,行业媒体
a16z,,金融保险,产业资本,未标注,服务商,,海外,头部风投机构，投资Honor、Bold、Devoted Health等,产业资本,消费背景
Battery Ventures,,金融保险,产业资本,B2B+B2C,服务商,,海外,风投机构，投资A Place for Mom、ClearCare,产业资本,消费背景
Blue Venture Fund,,金融保险,产业资本,未标注,服务商,,海外,风投机构，投资Wider Circle,产业资本,消费背景
Canaan,,金融保险,产业资本,未标注,服务商,,海外,风投机构，投资Papa,产业资本,消费背景
Comcast Ventures,,金融保险,产业资本,未标注,服务商,,海外,风投机构，投资Papa,产业资本,消费背景
Magnify Ventures,,金融保险,产业资本,未标注,服务商,,海外,风投机构，投资Papa,产业资本,消费背景
软银愿景基金,软银愿景基金,金融保险,产业资本,未标注,服务商,,海外,软银旗下风投基金，投资Papa,产业资本,消费背景
Tiger Global,,金融保险,产业资本,未标注,服务商,,海外,风投机构，投资Papa,产业资本,消费背景
Emerson Collective,,金融保险,产业资本,未标注,服务商,,海外,影响力投资机构，投资Tembo Health、GoodTrust、FreeWill等,产业资本,消费背景
Generator Ventures,,金融保险,产业资本,B2B+B2C,服务商,,海外,风投机构，投资ActiveProtective、CareLinx、Vesta Healthcare、Wellthy等,产业资本,消费背景
Kaiser Permanente Ventures,,金融保险,产业资本,B2B+B2C,服务商,,海外,凯撒医疗旗下风投，投资Vesta Healthcare、SilverLink,产业资本,消费背景
Oak HC/FT,,金融保险,产业资本,B2B+B2C,服务商,,海外,风投机构，投资Vesta Healthcare、Devoted Health等,产业资本,消费背景
Rethink Impact,,金融保险,产业资本,B2B+B2C,服务商,,海外,影响力投资机构，投资Wellthy、CareAcademy,产业资本,消费背景
Ziegler长寿基金,Ziegler长寿基金,金融保险,产业资本,未标注,服务商,,海外,长寿专项基金，投资二十余家长寿赛道企业,产业资本,消费背景
Wayfair,,智能科技;渠道零售,数字化;零售,B2C,平台,线上,海外,高效垂直电商平台，作为长寿市场渠道碎片化的对比参照,行业服务,行业媒体
Netflix,网飞,智能科技,数字化,B2B,服务商(媒体/数据),,海外,订阅制内容平台，作为长寿市场服务模式的类比参照,行业服务,行业媒体
Hulu,葫芦（Hulu）,智能科技,数字化,B2B,服务商(媒体/数据),,海外,订阅制内容平台，作为长寿市场服务模式的类比参照,行业服务,行业媒体
Coinbase,,智能科技,数字化,B2B,服务商(媒体/数据),,海外,降低复杂领域门槛的平台案例，类比长寿市场导航型平台机会,行业服务,行业媒体
Airbnb,,智能科技,数字化,B2B,服务商(媒体/数据),,海外,共享住宿平台，推行现代长者人才理念,行业服务,行业媒体
Salesforce,赛富时,智能科技,数字化,B2B,服务商(媒体/数据),,海外,企业软件公司，推行永久混合办公为老年员工延长职业周期创造条件,行业服务,行业媒体
Google,,养老服务;金融保险,产业资本;适老化改造,B2B,技术服务商,,海外,科技公司，设有职场回归项目吸纳职业中断的资深人才,行业服务,行业媒体
IBM,,智能科技,数字化,B2B,技术服务商,,海外,科技公司，设有职场回归项目吸纳职业中断的资深人才,行业服务,行业媒体
Tivity Health,,文娱社交,健身,B2C,服务商,,海外,老年健身会员项目运营商，2006年以4.5亿美元收购SilverSneakers,行业服务,行业媒体
SilverSneakers,,文娱社交,健身,B2C,服务商,,海外,老年健身会员项目，2006年被Tivity Health以4.5亿美元收购,行业服务,行业媒体
IAC,,智能科技,数字化,B2B+B2C,服务商,线上,海外,互联网集团，2019年以5亿美元收购Care.com,行业服务,行业媒体
GE Healthcare,GE医疗,养老服务,居家护理,B2B+B2C,平台,,海外,医疗科技企业，2009年收购居家养老技术企业Living Independently Group,行业服务,行业媒体
101 Mobility,,养老服务,适老化改造,B2B,服务商(媒体/数据),,海外,特许经营模式，年收入7000万-1.2亿美元，193店，累计服务7万客户,行业服务,行业媒体
401GO,,金融保险,养老金融,B2B,技术服务商,,海外,技术驱动的401(k)提供商，自动化退休解决方案,行业服务,行业媒体
6Degrees,,养老服务;文娱社交;消费品,文娱;智能硬件;社交平台;适老化,B2C,制造商(硬件/设备),,海外,可穿戴AI将动作转换为数字命令，控制智能设备,老年文娱,社交平台
9amHealth,,医疗健康,慢病管理,B2B,服务商(媒体/数据),,海外,虚拟心脏代谢诊所，预防糖尿病、肥胖症等,行业服务,行业媒体
AARP,美国退休人员协会,养老服务,养老社区,B2B,服务商(媒体/数据),,海外,美国退休人员协会，50岁+会员制组织,行业服务,行业媒体
Abbvie,,养老服务;医疗健康,养老机构;药品;认知症,B2B,制造商(药),,海外,收购Aliada Therapeutics，获得跨越血脑屏障的阿尔茨海默病候选药物,失智老人赛道,照护机构
AccessibleGO,,文娱社交,旅游,B2C,服务商,,海外,红杉投资，第一个为有无障碍需求的人提供的旅游网站,行业服务,行业媒体
AceAge,,消费品,智能硬件,B2B,制造商(药),,海外,智慧用药产品，管理3种以上药物,行业服务,行业媒体
Actif,,医疗健康,认知症,B2B,服务商(媒体/数据),,海外,创建于2021年，针对老年人的体育和认知锻炼,行业服务,行业媒体
AdhereTech,,医疗健康,健康管理,B2B,服务商(媒体/数据),,海外,提醒人们服药并在不服药时干预,行业服务,行业媒体
ADL Smartcar,,医疗健康,健康管理,B2B,服务商(媒体/数据),,海外,健康测评问卷收集老年人群健康数据,行业服务,行业媒体
Adonis,,文娱社交,文娱;社交平台,B2B,技术服务商,,海外,AI收入周期技术，10000+医疗服务供应商,老年文娱,社交平台
Advosense,,养老服务,专业护理,B2B,服务商(媒体/数据),,海外,尿失禁数字解决方案,行业服务,行业媒体
After.com,,医疗健康,临终关怀,B2B,服务商(媒体/数据),线上,海外,以互联网为核心，帮助家庭预先计划或安排火葬和葬礼服务,行业服务,行业媒体
Age Bold,,医疗健康;文娱社交,健康监测;健康管理;健身,B2C,服务商,,海外,在线锻炼、预防跌倒,健康服务,健康养生
AgeWell Global,,文娱社交,就业;文娱;社交平台,B2B,技术服务商,,海外,基于同伴的社交参与+移动技术，改善健康结果,老年文娱,社交平台
Air Protein,,食品营养,营养食品,B2C,制造商(消费品),,海外,由CO2制成的富含蛋白质的食品,行业服务,行业媒体
Aktiia,,医疗健康,健康监测;慢病管理,B2C,制造商(硬件/设备),,海外,"光学连续血压监测手环，44个国家60,000+用户",健康服务,血压血糖
Alaffia Health,,养老服务;文娱社交,文娱;智慧养老;社交平台,B2B,技术服务商,,海外,生成式AI简化健康计划索赔操作,老年文娱,社交平台
Alloy,,医疗健康;女性健康,女性健康服务;更年期,B2B,服务商(媒体/数据),,海外,更年期初创公司,行业服务,行业媒体
Allwayswithyou,,养老服务;医疗健康,专业护理;认知症;远程医疗,B2B+B2C,服务商,,海外,为痴呆症患者提供个性化护理和帮助，远程护理,养老服务,专业级护理
American HealthTech,,智能科技,照护系统,B2B,平台,,海外,面向专业护理和老年生活的SaaS工具，被PointClickCare收购,行业服务,行业媒体
Amplifon,,消费品;渠道零售,助听器;零售,B2B,技术服务商,,海外,领先助听器零售商，收购Hear Again America,购物渠道,线下渠道
Anatomy Financial,,文娱社交;金融保险,养老金融;文娱;社交平台,B2B+B2C,服务商,,海外,AI金融操作系统，向医疗保险公司收费,老年文娱,社交平台
Angels on Call Homecare,,养老服务;医疗健康,居家护理;认知症,B2B+B2C,服务商,,海外,美国第一家获得帕金森病护理认证的家庭护理提供商,行业服务,行业媒体
Apple,,医疗健康;消费品;金融保险,产业资本;健康监测;健康管理;智能硬件,B2B,技术服务商,,海外,Apple Watch睡眠呼吸暂停检测、跌倒检测；AirPods获FDA批准为助听器,健康服务,健康养生
Apree,,医疗健康,健康管理,B2B,服务商(媒体/数据),,海外,摩根大通支持的高级初级保健公司，为36000名员工提供医疗保健,行业服务,行业媒体
Arbital Health,,智能科技,数字化,B2B,服务商(媒体/数据),,海外,第三方结果导向合同裁决机构，基于价值的医疗,行业服务,行业媒体
Artis Senior Living,,养老服务,养老机构,B2B+B2C,平台,,海外,辅助生活社区，为记忆力减退老年人服务,行业服务,行业媒体
AssistMe,,养老服务,专业护理,B2B+B2C,服务商,,海外,智能失禁解决方案，护理基础设施,行业服务,行业媒体
Assured Allies,,金融保险,保险科技,B2B,服务商(媒体/数据),,海外,数据驱动的健康干预帮助老年人更健康生活，降低理赔风险,行业服务,行业媒体
Author Health,,精神健康;金融保险,产业资本;保险;心理健康服务,B2B+B2C,服务商,,海外,为Medicare Advantage患者提供物质使用障碍和严重精神疾病护理,行业服务,行业媒体
Auxa Health,,医疗健康;文娱社交,SODH;文娱;社交平台;远程医疗,B2B,技术服务商,,海外,AI驱动的社会护理协调平台，福利导航,老年文娱,社交平台
Avation Medical,,养老服务;医疗健康;消费品,专业护理;健康管理;智能硬件,B2C,制造商(硬件/设备),,海外,可穿戴神经调节设备治疗急迫性尿失禁,健康服务,健康养生
Axle Health,,医疗健康,健康管理,B2B,服务商(媒体/数据),,海外,面向家庭健康的调度和劳动力管理平台,行业服务,行业媒体
b.well Connected Health,,智能科技,照护系统,B2B,服务商(媒体/数据),,海外,帮助付款人和提供商整合工具和供应商,行业服务,行业媒体
because,,养老服务,专业护理,B2B,服务商(媒体/数据),,海外,膀胱渗漏商品品牌,行业服务,行业媒体
Beta Bionics,,医疗健康,健康监测;慢病管理,B2B+B2C,服务商,,海外,自主胰岛素输送系统,健康服务,血压血糖
Better Coliving,,养老服务;文娱社交,养老社区;文娱;社交平台,B2B,技术服务商,,海外,老年版Airbnb,老年文娱,社交平台
Better Health,,医疗健康;消费品,慢病管理;日用,B2B,服务商(媒体/数据),,海外,在线医疗产品商店，造口、泌尿科和糖尿病产品,行业服务,行业媒体
Biomotum,,医疗健康;智能科技;消费品,康复医疗;智能硬件;机器人,B2B+B2C,制造商(硬件/设备),,海外,智能辅助设备优化人类移动性，双脚电动自行车技术,康复设备,运动康复
Bioniq,,文娱社交;食品营养,文娱;社交平台;营养食品,B2B,技术服务商,,海外,AI驱动的个性化补充剂，最多53种成分混合,老年文娱,社交平台
Birdie,,智能科技,数字化,B2B+B2C,服务商,,海外,家庭医疗保健技术平台，提高护理业务效率,健康食品,保健品&OTC
BirdWatch,,智能科技,数字化,B2B,服务商(媒体/数据),,海外,礼宾家居维护平台,行业服务,行业媒体
Bloom Nutrition,,医疗健康;食品营养,女性健康服务;营养食品,B2C,服务商,,海外,专门从事女性健身补充剂销售,行业服务,行业媒体
Bobbie,,食品营养,营养食品,B2B,服务商(媒体/数据),,海外,通过订阅服务提供有机婴儿配方奶粉,行业服务,行业媒体
Bone Health Technologies,,医疗健康,健康管理;慢病管理,B2B,服务商(媒体/数据),,海外,OsteoBoost振动带预防和治疗骨质疏松症，收购Wellen,行业服务,行业媒体
BrainCheck,,医疗健康;智能科技,AI科技;认知症,B2B,服务商(媒体/数据),,海外,数字认知大脑健康评估工具，游戏化认知评估,行业服务,行业媒体
Bridge Group,,养老服务,养老社区,B2B,服务商(媒体/数据),,海外,医疗社会部门网络，为老年人提供住宿和疗养院,行业服务,行业媒体
Brightside Health,,精神健康,心理健康服务,B2B,服务商(媒体/数据),,海外,为焦虑和抑郁提供在线治疗,行业服务,行业媒体
BrightSpring Health,,养老服务,居家护理,B2B,服务商(媒体/数据),,海外,家庭保健提供商，收购多家组织,行业服务,行业媒体
Brightview Senior Living,,养老服务;医疗健康,养老机构;认知症,B2B+B2C,服务商,,海外,痴呆症护理养老院，成立于1999年,养老地产,运营商
ByHeart,,食品营养,营养食品,B2C,制造商(消费品),,海外,婴儿营养品公司，FDA注册婴儿配方奶粉,行业服务,行业媒体
CardioSignal,,医疗健康,慢病管理,B2B,服务商(媒体/数据),,海外,数字心脏生物标志物检测心脏病,行业服务,行业媒体
Care Continuity,,养老服务;智能科技,专业护理;护理平台;数字化,B2B+B2C,服务商,,海外,软件+礼宾服务帮助患者护理导航和过渡,养老服务,专业级护理
CareBridge,,养老服务;文娱社交,居家护理;文娱;社交平台,B2B+B2C,平台,,海外,高风险患者居家和虚拟医疗，2023年Inc.5000榜首，收入8.73亿,老年文娱,社交平台
CareCentrix,,养老服务,专业护理;居家护理,B2B+B2C,服务商,,海外,成立于1996年，家庭护理服务提供商,养老服务,专业级护理
Caredoc,,养老服务,居家护理,B2B+B2C,服务商,,海外,韩国排名第一的老年护理品牌,行业服务,行业媒体
Careforth,,养老服务,专业护理;护理平台,B2B+B2C,服务商,,海外,为家庭照顾者提供帮助,养老服务,专业级护理
Carefull,,文娱社交;金融保险,养老金融;文娱;社交平台,B2B,服务商,,海外,AI帮助银行和理财顾问保护老年客户免受金融诈骗,老年文娱,社交平台
Caregiver Media Group,,养老服务;文娱社交,居家护理;行业媒体,B2B+B2C,服务商,,海外,《今日护理员》杂志，护理书籍和会议,行业服务,行业媒体
CareGuide,,养老服务,护理平台,B2B+B2C,服务商,,海外,经营一系列网站连接家庭与护理服务提供者,行业服务,行业媒体
CareYaya,,养老服务,护理平台,B2B+B2C,服务商,,海外,"将需要护理人员的人与医疗保健学生配对，25,000+学生",行业服务,行业媒体
Carl,,医疗健康;消费品,康复医疗;智能硬件;认知症,B2B+B2C,服务商,,海外,痴呆症友好型设备开发商，简化护理管理,康复设备,运动康复
Center Well,,养老服务;医疗健康,专业护理;健康管理,B2B+B2C,服务商,,海外,Humana将老年护理诊所和Kindred at Home整合为CenterWell品牌,养老服务,专业级护理
Cerebral,,精神健康,心理健康服务,B2B,服务商(媒体/数据),,海外,在线心理健康，软银投资,行业服务,行业媒体
ChenMed,,医疗健康,健康管理,B2C,服务商,,海外,Oak Street竞争对手，强调更高医患配比和医生强化培训,行业服务,行业媒体
Ciba Health,,医疗健康,慢病管理,B2B,服务商(媒体/数据),,海外,通过根本治疗逆转慢性疾病的数字健康,行业服务,行业媒体
circleengage,,金融保险,保险科技,B2B+B2C,服务商,,海外,为医疗保险公司和经纪人提供销售和运营管理平台,行业服务,行业媒体
Citizen Health,,医疗健康;文娱社交,健康管理;文娱;社交平台,B2B,技术服务商,,海外,AI消费者健康平台，构建全面知识库,老年文娱,社交平台
Cityblock Health,,医疗健康;文娱社交,慢病管理;文娱;社交平台,B2B+B2C,平台,,海外,服务不足社区的复杂疾病提供商，估值57亿美元，年收入超10亿,老年文娱,社交平台
Clara Home Care,,养老服务,居家护理;护理平台,B2B+B2C,平台,,海外,在线平台连接需要居家护理的家庭与护理人员,行业服务,行业媒体
Clever Care Health Plan,,金融保险,产业资本;保险,B2B+B2C,服务商,,海外,文化包容性Medicare Advantage计划，东方福利,行业服务,行业媒体
Clipboard Health,,文娱社交,医护配置,B2B,服务商(媒体/数据),,海外,医疗保健配置市场，估值13亿美元,行业服务,行业媒体
Cloud DX,,医疗健康,慢病管理;远程医疗,B2B,服务商(媒体/数据),,海外,远程患者监控平台，虚拟管理慢性病,行业服务,行业媒体
CoachCare,,医疗健康,慢病管理;远程医疗,B2B+B2C,服务商,,海外,远程患者监控、慢性病管理和远程治疗监控,健康服务,慢病管理
Cohere Health,,医疗健康;文娱社交,健康管理;文娱;社交平台,B2B,技术服务商,,海外,AI简化健康计划和提供商的事先授权,老年文娱,社交平台
Compassus,,养老服务;医疗健康,临终关怀;居家护理,B2B+B2C,服务商,,海外,美国家庭护理领先者，提供家庭保健、输液治疗、姑息治疗和临终关怀,养老服务,临终关怀
Concerto Care,,养老服务,专业护理;居家护理,B2B+B2C,服务商,,海外,家庭护理服务提供商,养老服务,专业级护理
Conduce Health,,智能科技,照护系统,B2B,服务商(媒体/数据),,海外,将付款人与多专业医生联系,行业服务,行业媒体
Credo Health,,文娱社交;智能科技,数字化;文娱;社交平台,B2B,技术服务商,,海外,AI医疗记录收集和分析，促进价值型护理,老年文娱,社交平台
CVS Health,,医疗健康,健康管理,B2B+B2C,服务商,,海外,收购Oak Street Health、Amedisys等，布局老年护理,行业服务,行业媒体
Daffodil Health,,养老服务;文娱社交,文娱;智慧养老;社交平台,B2B,技术服务商,,海外,生成式AI为付款人自动化网络外定价,老年文娱,社交平台
DarioHealth,,医疗健康,慢病管理,B2B+B2C,服务商,,海外,收购Twill，多慢性病数字疗法平台,健康服务,慢病管理
Daughterhood,,养老服务;文娱社交,护理平台;文娱;社交平台,B2C,平台,,海外,为照顾年长父母的看护人提供支持，书籍推荐,老年文娱,社交平台
Day Two,,食品营养,营养食品,B2C,制造商(消费品),,海外,基于微生物组的代谢疾病精准营养,行业服务,行业媒体
Devoted Health,,金融保险,保险,B2B+B2C,服务商,,海外,现代医疗保险优势计划提供商，服务14万+会员,行业服务,行业媒体
DigitalOwl,,文娱社交;智能科技,AI科技;数字化;文娱;社交平台,B2B,技术服务商,,海外,AI和机器学习为付款人提供医疗文件分析,老年文娱,社交平台
Dimer Health,,医疗健康,健康管理,B2B,服务商(媒体/数据),,海外,机器学习预测哪些患者有再入院风险,行业服务,行业媒体
DiningRD,,食品营养,营养食品,B2B+B2C,平台,,海外,46个州4000+医疗保健社区提供营养师咨询和餐饮服务,健康食品,保健品&OTC
Domma,,医疗健康;女性健康,女性健康服务;更年期,B2B,服务商(媒体/数据),,海外,治疗更年期荷尔蒙失调的非侵入性疗法,行业服务,行业媒体
DoorSpace,,医疗健康,健康管理,B2B,服务商(媒体/数据),,海外,医疗保健领域首个员工关系管理系统,行业服务,行业媒体
Dorvie,,文娱社交,陪伴服务,B2B,服务商(媒体/数据),,海外,礼宾人员安排各种服务，每月合并账单,行业服务,行业媒体
Dwellr,,养老服务,护理平台,B2B+B2C,平台,,海外,直接与老年生活社区联系，无中间人无佣金,行业服务,行业媒体
Eargo,,消费品,助听器,B2B,服务商(媒体/数据),,海外,外形小巧，可放入耳朵内,行业服务,行业媒体
eargym,,文娱社交;消费品,助听器;文娱;社交平台,B2C,平台,线上,海外,个性化听力健康伴侣APP，沉浸式游戏提高听力,老年文娱,社交平台
Elektra Health,,医疗健康;女性健康,女性健康服务;慢病管理;更年期;远程医疗,B2B+B2C,服务商,,海外,更年期护理服务商，远程医疗+更年期专家,健康服务,慢病管理
Elidah,,养老服务;医疗健康;消费品,专业护理;康复医疗;智能硬件,未标注,制造商(硬件/设备),,海外,Elitone治疗压力性尿失禁的非侵入性方法,康复设备,运动康复
Ellipsis Health,,文娱社交;智能科技,AI科技;文娱;社交平台,B2C,平台,,海外,融资很高，不是面向老人的,老年文娱,社交平台
ElliQ,,文娱社交,文娱;社交平台,B2B+B2C,服务商,,海外,ElliQ是以色列Intuition Robotics开发的AI老年社交陪伴机器人，能主动发起对话、提醒服药、推荐活动，已在美国数千家庭部署。由Dor Skul,老年文娱,社交平台
Embodied,,文娱社交,陪伴机器人,B2B+B2C,服务商,,海外,智能伴侣机器人研发商，情感功能，家庭健康护理,行业服务,行业媒体
Embr Labs,,养老服务;医疗健康,健康监测;适老化,B2B,服务商(媒体/数据),,海外,通过温度解决健康问题，管理潮热、睡眠、压力,行业服务,行业媒体
Evernow,,医疗健康;女性健康,女性健康服务;更年期,B2B,服务商(媒体/数据),,海外,数字化手段管理更年期症状，定制化治疗方案,行业服务,行业媒体
Family First,,养老服务;金融保险,专业护理;产业资本;护理平台,B2B+B2C,服务商,,海外,与雇主和保险公司合作提供护理支持,养老服务,专业级护理
findhelp,,养老服务;医疗健康,SODH;专业护理,B2B+B2C,服务商,,海外,"美国领先的社会护理网络，536,269个计划地点",养老服务,专业级护理
Float,,文娱社交,医护配置,B2B,服务商(媒体/数据),,海外,将有额外时间的护士与需要在家输液的个人连接,行业服务,行业媒体
flyte,,养老服务,专业护理,B2B,技术服务商,,海外,尿失禁治疗科技服务商,行业服务,行业媒体
Foodsmart,,医疗健康;食品营养,营养食品;远程医疗,B2C,制造商(消费品),,海外,远程营养和食品福利管理平台，740万患者,健康食品,保健品&OTC
Foundation Partners Group,,医疗健康,临终关怀,B2B,服务商(媒体/数据),,海外,美国第二大殡葬服务提供商，收购Cake,行业服务,行业媒体
Friendi.fi,,文娱社交,文娱;社交平台;陪伴机器人,B2B,技术服务商,,海外,生成式AI模型提供高信任度对话关系,老年文娱,社交平台
Gather Health,,养老服务;医疗健康,SODH;居家护理,未标注,服务商,,海外,为老年人提供社会初级保健，面对面+虚拟,健康食品,保健品&OTC
Gennev,,医疗健康;女性健康,女性健康服务;更年期,B2B,服务商(媒体/数据),,海外,更年期女性在线健康平台，虚拟诊疗、HRT等,行业服务,行业媒体
GeoH,,养老服务;智能科技,专业护理;照护系统,B2B+B2C,服务商,,海外,家庭护理管理和支付软件,养老服务,专业级护理
GetSetUp,,文娱社交,教育;文娱,B2B,服务商(媒体/数据),线上,海外,线上老年学习与社交融合，疫情后爆发式增长,行业服务,行业媒体
Glooko,,医疗健康,健康监测;慢病管理,B2B,技术服务商,,海外,为慢性疾病患者提供医疗技术和联网医疗平台,健康服务,血压血糖
GoodRx,,医疗健康,健康管理;药品,未标注,上市公司,,海外,比较不同药店处方药价格，已上市,行业服务,行业媒体
Grace,,养老服务;医疗健康,专业护理;女性健康服务,B2B,服务商(媒体/数据),,海外,专为女性设计的可持续健康品牌，膀胱渗漏,行业服务,行业媒体
Grand Circle,,文娱社交,旅游,B2B,服务商(媒体/数据),,海外,年营收6亿，200万50岁+,行业服务,行业媒体
Grayce,,养老服务;医疗健康,SODH;专业护理,B2B+B2C,服务商,,海外,综合性社会护理平台，数字工具+社会工作者专业知识,养老服务,专业级护理
GroundGame Health/SameSky Health,,医疗健康,健康管理,B2B,服务商(媒体/数据),,海外,为医疗资源匮乏的患者提供医疗服务，合并,行业服务,行业媒体
Grow Therapy,,精神健康,心理健康服务,B2B+B2C,服务商,,海外,在线平台将人们与使用保险计划的治疗师匹配,行业服务,行业媒体
Growl,,文娱社交,健身;文娱;社交平台,B2B,技术服务商,,海外,家庭健身AI互动拳击教练，面向全年龄段,老年文娱,社交平台
Guaranteed Health,,医疗健康,临终关怀;慢病管理;远程医疗,B2B+B2C,服务商,,海外,远程临终关怀医疗服务,健康服务,慢病管理
Halmek,,消费品;渠道零售,日用;电商;零售,B2B,服务商(媒体/数据),,海外,面向50+女性做健康资讯杂志，引流到商品销售，年利润6000多万,购物渠道,线上渠道
Hamilton Health Box,,医疗健康,健康管理,B2B,服务商(媒体/数据),,海外,微型诊所在医疗资源匮乏地区提供初级保健,行业服务,行业媒体
Harbor Health,,医疗健康,健康管理,B2B,服务商(媒体/数据),,海外,初级和专科诊所集团,行业服务,行业媒体
HarmonyCares,,养老服务;医疗健康,健康管理;居家护理,未标注,服务商,,海外,家庭初级保健提供商，15个州7万+患者,健康食品,保健品&OTC
Hazel,,养老服务,专业护理,B2B,服务商(媒体/数据),,海外,为40-70岁女性开发现代失禁尿布,行业服务,行业媒体
Headway,,精神健康,心理健康服务,B2B+B2C,服务商,,海外,帮助患者与受保险保障的治疗师连接，估值23亿,行业服务,行业媒体
HealthArc,,养老服务;医疗健康,专业护理;护理平台;远程医疗,B2B+B2C,服务商,,海外,远程患者监控、护理和协调平台,养老服务,专业级护理
HealthSnap,,养老服务;医疗健康,专业护理;慢病管理;虚拟护理,B2B+B2C,服务商,,海外,慢性病管理的虚拟护理管理平台,养老服务,专业级护理
Hedia,,医疗健康,健康监测;慢病管理,B2B+B2C,服务商,,海外,糖尿病管理数字疗法，糖尿病助手,健康服务,血压血糖
Hello Heart,,医疗健康,健康监测;慢病管理,B2B,服务商(媒体/数据),线上,海外,心脏健康管理，无线血压袖带+APP跟踪,行业服务,行业媒体
hellocare.ai,,养老服务;智能科技,AI科技;专业护理;虚拟护理,B2B,技术服务商,,海外,AI辅助虚拟护理服务，主要服务医院,养老服务,专业级护理
Help-full,,文娱社交,文娱;陪伴服务,B2B,服务商(媒体/数据),,海外,将老年人与有共同兴趣的人配对，做饭、洗衣等,行业服务,行业媒体
Helper bees,,养老服务,居家护理;适老化,B2B+B2C,服务商,,海外,技术平台，连接保险公司与非医疗居家服务提供商，服务覆盖43家大型支付方和2万+服务商，涵盖居家护理、适老化改造、送餐、保洁、交通等,行业服务,行业媒体
Heyday Health,,养老服务;金融保险,产业资本;居家护理,B2B+B2C,服务商,,海外,虚拟价值型医疗服务，Medicare和双重合格患者,行业服务,行业媒体
Hibiscus Health,,医疗健康,健康监测;慢病管理,B2B,技术服务商,,海外,面部血流分析技术30秒检测早期糖尿病风险,健康服务,血压血糖
HiDO,,医疗健康;消费品,健康管理;康复医疗;智能硬件,B2B+B2C,制造商(硬件/设备),线上,海外,患者友好型设备+移动APP，用药自动化,康复设备,运动康复
Homeage,,医疗健康,健康管理,B2B,服务商(媒体/数据),,海外,健康管理服务平台,行业服务,行业媒体
HomeCare.com,,养老服务,护理平台,B2B+B2C,服务商,,海外,家庭护理转介服务,行业服务,行业媒体
Huel,,食品营养,营养食品,B2C,制造商(消费品),,海外,营养全面的食品,行业服务,行业媒体
Hyfe AI,,医疗健康;文娱社交,健康监测;文娱;社交平台,B2B,技术服务商,,海外,AI咳嗽检测和分类，7亿+样本，55岁以上占74%,老年文娱,社交平台
Ilant Health,,医疗健康,健康管理,B2B,服务商(媒体/数据),,海外,基于价值的肥胖管理和心脏代谢健康,行业服务,行业媒体
Imperative Care,,医疗健康,慢病管理,B2B+B2C,服务商,,海外,改变生活的技术，为中风和血管疾病患者提供护理,行业服务,行业媒体
In-House Health,,养老服务;文娱社交,文娱;智慧养老;社交平台,B2B,技术服务商,,海外,AI驱动的护理团队调度和管理平台,老年文娱,社交平台
Incredible Health,,文娱社交,医护配置,B2B,服务商(媒体/数据),,海外,护士配置市场，估值16.5亿美元,行业服务,行业媒体
Infinitus Systems,,养老服务;文娱社交,文娱;智慧养老;社交平台,B2B,技术服务商,,海外,AI自动拨打医疗保健相关电话,老年文娱,社交平台
InHome Therapy,,养老服务;医疗健康;消费品,居家护理;康复医疗;智能硬件,B2B+B2C,服务商,,海外,家庭护理和康复提供商,康复设备,运动康复
Isaac Health,,医疗健康,认知症,B2B+B2C,服务商,,海外,虚拟大脑健康和痴呆症护理数字健康初创公司,行业服务,行业媒体
Jellydrops,,医疗健康,认知症,B2B,服务商(媒体/数据),,海外,无糖零食，95%水+电解质，促进补水,行业服务,行业媒体
JOGO Health,,医疗健康;消费品;精神健康,心理健康服务;慢病管理;智能硬件;认知症,未标注,制造商(硬件/设备),,海外,利用大脑神经可塑性治疗慢性疼痛和失禁，FDA批准,康复设备,精神&神经
joyforall,,医疗健康;文娱社交,文娱;认知症,B2B+B2C,服务商,,海外,宠物机器人，为阿尔茨海默症或痴呆患者带来舒适和陪伴,行业服务,行业媒体
K4Connect,,养老服务,适老化改造,B2B,服务商(媒体/数据),,海外,为老年人和残障人士提供服务和赋权的解决方案,行业服务,行业媒体
Kalogon,,消费品,日用;智能硬件,B2B,服务商(媒体/数据),,海外,智能坐垫预防轮椅使用者压疮,行业服务,行业媒体
Keep Company,,养老服务,专业护理,B2B+B2C,服务商,,海外,帮助雇主量化和留住身为护理人员的员工,养老服务,专业级护理
Kemtai,,文娱社交;消费品,健身;眼镜,B2B,技术服务商,,海外,FDA批准的计算机视觉AI锻炼和评估平台,养老用品,视觉障碍
Kins,,养老服务;医疗健康,专业护理;健康管理;居家护理,B2B+B2C,服务商,,海外,虚拟+面对面物理治疗，NPS达92,养老服务,专业级护理
Kinto,,医疗健康;文娱社交;智能科技,AI科技;文娱;社交平台;认知症,B2B,技术服务商,,海外,AI支持平台，照顾痴呆症亲人，被Rippl收购,老年文娱,社交平台
Kismet,,养老服务,护理平台,B2B+B2C,服务商,,海外,"寻找护理服务提供商平台，35,000+服务提供商",行业服务,行业媒体
Koda Health,,养老服务,专业护理;护理平台,B2B+B2C,服务商,,海外,数字化提前护理计划解决方案,养老服务,专业级护理
Labrador Systems,,养老服务;智能科技,机器人;适老化,B2B+B2C,服务商,,海外,日常辅助机器人，送餐、洗衣服等,行业服务,行业媒体
Lace AI Pro,,消费品,助听器,未标注,服务商,,海外,超越助听器，教患者用大脑来聆听,养老用品,听觉障碍
Ladder,,文娱社交,健身;文娱,B2C,服务商,,海外,虚拟力量训练，每月29.99美元订阅,老年文娱,老年健身
LifeAfterMe,,医疗健康,临终关怀,B2B,服务商(媒体/数据),,海外,确保亲人不必担心收集重要数字数据,行业服务,行业媒体
LifeBio,,文娱社交;精神健康,心理健康服务;文娱,B2B,技术服务商,,海外,AI回忆疗法平台，收集和分享老年人生活故事，获NIA资助,行业服务,行业媒体
LifeLoop,,养老服务;文娱社交,养老社区;文娱;社交平台,B2B+B2C,平台,,海外,面向养老社区的综合管理和活动组织工具，4700+社区,老年文娱,社交平台
Lilli,,医疗健康;文娱社交;消费品,文娱;智能硬件;社交平台;远程医疗,B2B,技术服务商,,海外,AI远程监控设备，支持家庭护理，9:1投资回报率,老年文娱,社交平台
Linus Health,,医疗健康,认知症,未标注,服务商,,海外,数字健康解决方案，早期发现阿尔茨海默症，收购Aural Analytics,失智老人赛道,病情早筛
Livara Health,,医疗健康,慢病管理,B2B,服务商(媒体/数据),,海外,为肌肉骨骼疾病患者减少不必要的手术,行业服务,行业媒体
Log my Care,,养老服务,护理平台,B2B,服务商(媒体/数据),,海外,数字化养老院管理平台,行业服务,行业媒体
Lottie,,养老服务,护理平台,B2B,服务商(媒体/数据),,海外,寻找养老院平台,行业服务,行业媒体
Lotus Ring,,养老服务;消费品,智能硬件;适老化,B2B,服务商(媒体/数据),,海外,戴在手指上的遥控器，红外线控制灯光、风扇等,行业服务,行业媒体
LUCID (Resonance Rx),,医疗健康;文娱社交,文娱;认知症,B2B,技术服务商,,海外,AI音乐疗法、音频认知行为疗法和认知游戏,老年文娱,老年音乐
Luminary,,医疗健康;金融保险,临终关怀;养老金融,B2B,服务商,,海外,专为信托和遗产规划顾问打造的数据和协作平台,行业服务,行业媒体
Mable,,养老服务,护理平台,B2B+B2C,服务商,,海外,在线平台，残障人士或老年人找到护理工作者,行业服务,行业媒体
Marta,,养老服务,居家护理;护理平台,B2B+B2C,平台,,海外,直接连接护理人员，寻找居家护理人员,行业服务,行业媒体
Maven Clinic,,医疗健康,女性健康服务,B2B,服务商(媒体/数据),,海外,综合性女性健康平台，包括更年期服务,行业服务,行业媒体
Mealogic,,食品营养,营养食品,B2B,服务商(媒体/数据),,海外,为医疗保健提供商提供科学送餐解决方案，非专门面向老人,行业服务,行业媒体
MedArrive,,医疗健康,SODH,B2B,服务商(媒体/数据),,海外,医疗保健物流平台，连接患者与按需医疗运输,行业服务,行业媒体
Medisafe,,医疗健康;文娱社交,健康管理;文娱;社交平台,B2B,制造商(药),线上,海外,药物管理APP，可视化时间表+提醒,老年文娱,社交平台
MedMinder,,消费品,智能硬件,B2B+B2C,服务商,,海外,联网药房护理，触摸屏自动药丸分配器,行业服务,行业媒体
Meela,,文娱社交,文娱;社交平台;陪伴机器人,B2B,技术服务商,,海外,老年人AI语音伴侣，通过电话提供AI陪伴，B2B订阅模式,老年文娱,社交平台
Mend,,文娱社交;食品营养,文娱;社交平台;营养食品,B2C,制造商(消费品),,海外,AI驱动的营养平台，营养补充剂+数字平台,老年文娱,社交平台
Menolabs,,医疗健康;女性健康;食品营养,保健品;女性健康服务;更年期,未标注,服务商,,海外,更年期保健产品，被Dr. Reddy's收购,健康食品,保健品&OTC
Metyos,,医疗健康;消费品,慢病管理;智能硬件,B2B+B2C,制造商(硬件/设备),,海外,慢性肾病监测设备，类似FreeStyle Libre,健康服务,慢病管理
Midi Health,,养老服务;女性健康,专业护理;更年期;虚拟护理,B2B+B2C,服务商,,海外,最快发展的虚拟护理诊所，专门服务绝经期女性,养老服务,专业级护理
Mighty Health,,文娱社交,健身,B2C,制造商(消费品),,海外,面向50+人群，多合一运动、营养和健康计划,行业服务,行业媒体
Miihealth,,文娱社交,文娱;社交平台;陪伴机器人,B2C,制造商(硬件/设备),,海外,对话式AI健康伴侣，结合传感器和智能手表,老年文娱,社交平台
MindAhead,,医疗健康;精神健康,心理健康服务;认知症,B2B,服务商(媒体/数据),,海外,基于行为激活的治疗应用程序，轻度认知障碍和痴呆症,行业服务,行业媒体
MindMics,,医疗健康,健康监测;慢病管理,B2B,技术服务商,,海外,日常耳机改造成健康监测器，次声波技术心血管监测,行业服务,行业媒体
Modify Health,,食品营养,营养食品,B2C,制造商(消费品),,海外,营养师处方、医学定制膳食和肠道健康测试,健康食品,保健品&OTC
Modivcare,,养老服务;医疗健康,SODH;专业护理;远程医疗,B2B+B2C,服务商,,海外,非紧急医疗运输、个人护理服务和远程患者监控,养老服务,专业级护理
Moneta Health,,医疗健康;消费品,康复医疗;智能硬件;认知症;认知训练,B2B+B2C,服务商,,海外,AI辅助认知康复虚拟诊所，基于医疗保险报销，平均认知改善18%,康复设备,运动康复
Monogram Health,,养老服务;医疗健康,居家护理;慢病管理,B2B+B2C,平台,,海外,多种慢性疾病居家护理，2023年收入近22亿美元,健康服务,慢病管理
More Life Health,,医疗健康;文娱社交,健康管理;健身,B2C,服务商,,海外,老年人在线锻炼,健康服务,健康养生
myo,,文娱社交;智能科技,数字化;文娱;社交平台,B2B+B2C,服务商,线上,海外,通信和服务APP，护理机构、家庭和服务商数字通信,老年文娱,社交平台
Naborforce,,文娱社交,陪伴服务,B2B,服务商(媒体/数据),,海外,为原地养老的老人提供跑腿服务,行业服务,行业媒体
Navel,,文娱社交,文娱;陪伴机器人,B2B+B2C,服务商,,海外,下一代社交机器人，在德国多家养老院使用,行业服务,行业媒体
NeoSilver,,文娱社交,文娱,B2B,服务商(媒体/数据),,海外,解决老年人孤独问题的法国平台,行业服务,行业媒体
NeuroClues,,医疗健康;消费品,健康管理;智能硬件;认知症,B2B+B2C,制造商(硬件/设备),,海外,眼动追踪设备检测神经退行性疾病，帕金森筛查,健康服务,健康养生
NeuroNation,,医疗健康,认知症,未标注,制造商(硬件/设备),,海外,强化大脑，日常记忆训练,失智老人赛道,认知症产品
NewRetirement,,金融保险,养老金融,B2B,服务商(媒体/数据),,海外,数字优先退休理财规划服务,行业服务,行业媒体
NexStride,,养老服务;消费品,智能硬件;适老化,B2B+B2C,制造商(硬件/设备),,海外,小型设备连接助行器，灯光和声音信号帮助行走,行业服务,行业媒体
Nice healthcare,,养老服务,居家护理,B2B+B2C,服务商,,海外,虚拟/上门初级保健、物理治疗和慢性护理管理,健康食品,保健品&OTC
Nirvana,,养老服务;文娱社交;金融保险,保险科技;文娱;智慧养老;社交平台,B2B+B2C,服务商,,海外,AI技术为医疗服务提供者和患者提供即时保险验证,老年文娱,社交平台
Nobel Hygiene,,消费品,日用,B2B,服务商(媒体/数据),,海外,个人卫生用品，包括成人尿布和卫生巾,行业服务,行业媒体
Nobi,,医疗健康;消费品,健康监测;智能硬件,B2B,服务商(媒体/数据),,海外,智能灯跌倒检测，销往21个国家,行业服务,行业媒体
Nomad Health,,文娱社交,医护配置,B2B,服务商(媒体/数据),,海外,为临时医疗保健人员提供在线求职门户网站,行业服务,行业媒体
Nourish,,医疗健康,远程医疗,B2B+B2C,服务商,,海外,将人们与受保险覆盖的注册营养师连接,行业服务,行业媒体
NourishedRx,,食品营养,营养食品,B2C,制造商(消费品),,海外,为健康计划和提供者提供个性化食品解决方案,健康食品,保健品&OTC
Nudj Health,,医疗健康,SODH,B2B+B2C,服务商,,海外,将生活方式健康融入患者护理的虚拟科技服务,行业服务,行业媒体
Omena,,医疗健康;女性健康,健康管理;女性健康服务;更年期,B2C,服务商,,海外,女性健康和保健数字健康平台,健康服务,健康养生
One Medical,,养老服务;医疗健康;文娱社交,健康管理;养老社区;文娱;社交平台,B2C,平台,,海外,会员制初级保健机构，2023年被亚马逊收购,老年文娱,社交平台
OneroRx,,医疗健康,远程医疗,B2B,服务商(媒体/数据),,海外,专业和远程药房服务，服务老年生活设施,行业服务,行业媒体
OneStep,,医疗健康,健康监测,B2C,制造商(硬件/设备),,海外,利用智能手机传感器分析人的步态,行业服务,行业媒体
OrCam MyEye 3 Pro,,养老服务;消费品,眼镜;适老化,未标注,服务商,,海外,智能放大镜，读出文本、识别面部和产品,养老用品,视觉障碍
Osher Lifelong Learning Institutes (OLLI),,文娱社交,教育,B2B,服务商(媒体/数据),,海外,非营利性老年终身学习，50岁以上非学分课程,行业服务,行业媒体
Oshi Health,,医疗健康,健康管理;慢病管理,B2B+B2C,服务商,,海外,虚拟方式提供消化系统健康全面护理,行业服务,行业媒体
Pallie AI,,文娱社交,文娱;社交平台;陪伴机器人,B2B,技术服务商,,海外,支持健康和福祉的人工智能伴侣产品,老年文娱,社交平台
PanTheryx,,医疗健康;食品营养,健康管理;营养食品,B2B,服务商(媒体/数据),,海外,利用牛初乳的细胞和生物分子,行业服务,行业媒体
Pear Suite,,医疗健康;智能科技,SODH;数字化,B2B+B2C,平台,,海外,使社区卫生工作者识别和解决SDOH问题,行业服务,行业媒体
Pearl Health,,医疗健康;女性健康,女性健康服务;更年期,B2B,服务商(媒体/数据),,海外,为更年期女性提供全面健康管理服务,行业服务,行业媒体
PeerLyfe,,医疗健康;文娱社交,SODH;文娱;社交平台,B2B+B2C,平台,,海外,面向55岁以上老人和居住社区的社交网络,老年文娱,社交平台
PeopleOne Health,,养老服务;医疗健康,专业护理;健康管理,B2B+B2C,服务商,,海外,以雇主为中心的预防性护理混合医疗服务提供商,养老服务,专业级护理
Perry,,女性健康,更年期,B2B+B2C,平台,,海外,为女性提供围绝经期支持，专家资源+社区,行业服务,行业媒体
Pillo Health,,医疗健康,健康管理,B2B,服务商(媒体/数据),,海外,帮助老人科学用药、买正版药,行业服务,行业媒体
Punto Health,,医疗健康;文娱社交;智能科技,AI科技;文娱;社交平台;认知症,B2B,技术服务商,,海外,AI驱动综合平台改善痴呆症患者及其家人护理,老年文娱,社交平台
PurFoods,,食品营养,营养食品,B2B,服务商(媒体/数据),,海外,为食物不安全的人提供健康餐，医疗补助福利,行业服务,行业媒体
Pyx Health,,养老服务;文娱社交,专业护理;文娱;陪伴机器人,B2B+B2C,服务商,,海外,为老人提供虚拟陪伴和支持，2024年Inc.5000第517名,养老服务,专业级护理
RapidClaims,,医疗健康;文娱社交;智能科技,AI科技;健康管理;文娱;社交平台,B2B,技术服务商,,海外,AI帮助医疗服务提供商实现医疗编码自动化,老年文娱,社交平台
Redi Health,,医疗健康,健康管理,B2B,制造商(药),,海外,连接制药公司、医疗保健提供商和患者,健康服务,健康养生
reev.care,,养老服务;医疗健康;消费品,康复医疗;智能硬件;适老化,未标注,制造商(硬件/设备),,海外,帮助中风、多发性硬化症后神经步态障碍患者,康复设备,运动康复
Remodel Health,,金融保险,保险,B2B,服务商(媒体/数据),,海外,雇主和经纪人应对ICHRA过渡,行业服务,行业媒体
Rest Less,,文娱社交,就业,B2B,服务商(媒体/数据),,海外,英国中老年就业服务平台,行业服务,行业媒体
RETISPEC,,医疗健康,认知症,未标注,服务商,,海外,通过视网膜成像早期检测阿尔茨海默病,失智老人赛道,病情早筛
Rune Labs,,医疗健康;智能科技;精神健康,心理健康服务;数字化;认知症,B2B,平台,,海外,为神经退行性疾病提供精准神经学SaaS解决方案,康复设备,精神&神经
RxDiet,,文娱社交;智能科技,AI科技;文娱;社交平台,B2B,技术服务商,,海外,AI制定医学定制饮食计划，新鲜食材+行为支持,老年文娱,社交平台
SafelyYou,,养老服务;医疗健康,专业护理;健康监测;认知症,B2B+B2C,服务商,,海外,为痴呆症护理提供跌倒检测和预防技术,养老服务,专业级护理
Saga,,文娱社交,旅游,B2B,服务商(媒体/数据),,海外,年利润超3.7亿，服务12万50+人群,行业服务,行业媒体
Sage Inc.,,养老服务,专业护理;护理平台,B2B+B2C,服务商,,海外,帮助护理人员记录居民健康状况，管理任务,养老服务,专业级护理
Sava,,医疗健康,健康监测;慢病管理,B2B+B2C,服务商,,海外,下一代连续血糖监测仪，侵入性更小更便宜,健康服务,血压血糖
Savaria Corporation,萨瓦瑞亚,养老服务;消费品,智能硬件;适老化;适老化改造,B2B+B2C,制造商(硬件/设备),,海外,无障碍设备设计制造，2023年收入约8.37亿美元,适老化改造,适老家居产品
SCI (Service Corporation International),,医疗健康,临终关怀,未标注,上市公司,,海外,美国最大的上市殡葬服务公司，2000+殡葬设施，每年服务30万家庭,行业服务,行业媒体
Season Health,,医疗健康;文娱社交,咨询研究;远程医疗,B2C,制造商(消费品),,海外,营养师虚拟咨询服务在线平台,行业服务,咨询研究
Senior Planet,,文娱社交,教育,B2B,服务商(媒体/数据),,海外,60岁以上课程，社会参与、财务安全、健康保健等,行业服务,行业媒体
Senior.com,,消费品;渠道零售,日用;电商;零售,B2B+B2C,服务商,,海外,为老年人和护理人员提供护理相关品牌和产品，270万会员,购物渠道,线上渠道
SeniorCare.com,,文娱社交,文娱;社交平台,B2B+B2C,服务商,,海外,老年护理信息平台,老年文娱,社交平台
SeniorHousingLiving,,养老服务;医疗健康;文娱社交,健康管理;居家护理;文娱;社交平台;行业媒体,B2B+B2C,服务商,,海外,老年住房、健康、技术等内容，给护理交易引流,老年文娱,社交平台
Seniors Helping Seniors,,文娱社交,就业;文娱;社交平台,B2B+B2C,服务商,,海外,寻找积极老年护理人员与需要帮助的人匹配,老年文娱,社交平台
SeniorSafetyAdvice,,养老服务;医疗健康;文娱社交,健康管理;居家护理;文娱;社交平台;行业媒体,B2B+B2C,服务商,,海外,为老年人及护理人员提供安全健康信息,老年文娱,社交平台
Senpai,,文娱社交,文娱;陪伴机器人,B2B,服务商(媒体/数据),,海外,具有语音功能的数字伴侣，社交陪伴、提醒服药,行业服务,行业媒体
Sensi.AI,,医疗健康;文娱社交,健康监测;文娱;社交平台,B2B,技术服务商,,海外,音频AI监控老年人健康，美国80%+大型家庭护理网络使用,老年文娱,社交平台
Sharecare,,医疗健康,健康管理,B2B+B2C,服务商,,海外,拥有CareLinx家庭护理平台的数字健康公司,健康服务,健康养生
ShiftKey,,文娱社交,医护配置,B2B,服务商(媒体/数据),,海外,通过开放轮班连接医疗工作者和医疗机构,行业服务,行业媒体
ShiftMed,,文娱社交,医护配置,B2B,服务商(媒体/数据),,海外,将护士与医疗机构的轮班联系起来,行业服务,行业媒体
Sidecar Health,,金融保险,保险,B2B+B2C,服务商,,海外,为企业提供主要医疗保险，消除医生事先授权需求,行业服务,行业媒体
SiftWell Analytics,,养老服务;医疗健康;文娱社交,文娱;智慧养老;社交平台;认知症,B2B,技术服务商,,海外,AI人口健康平台，识别高风险个人提高质量分数,老年文娱,社交平台
Signify Health,,医疗健康,健康监测,B2B,服务商(媒体/数据),,海外,家庭健康评估，强调预防，会员平均年龄71岁,行业服务,行业媒体
SimplyConnect,,医疗健康,SODH,B2B+B2C,服务商,,海外,社会护理连接平台,行业服务,行业媒体
Sit and Be Fit,,文娱社交,健身;文娱,B2C,服务商,,海外,1985年创立，低冲击锻炼计划,老年文娱,老年健身
Smithsonian Journeys,,文娱社交,旅游,B2B,服务商(媒体/数据),,海外,2024财年年收入1200万美元,行业服务,行业媒体
Sollis Health,,养老服务;医疗健康;文娱社交,养老社区;文娱;社交平台;远程医疗,B2C,平台,,海外,24/7按需医疗会员制，面对面+远程,老年文娱,社交平台
SomaReality,,医疗健康,健康管理;认知症,B2C,服务商,,海外,基于眼动追踪的数字生物标记，实时监测认知过程,健康服务,健康养生
Somatus,,医疗健康,慢病管理,B2B+B2C,服务商,,海外,慢性肾脏和心脏疾病患者个性化上门临床护理，估值超25亿,行业服务,行业媒体
Somnee,,医疗健康;文娱社交;智能科技,健康监测;文娱;睡眠科技;社交平台,B2B,技术服务商,,海外,AI驱动神经技术改善睡眠，非专门面向老人,老年文娱,社交平台
Sonova (索诺瓦),Sonova (索诺瓦),消费品,助听器,B2B,服务商(媒体/数据),,海外,全球市场占有率第一的听力保健公司,行业服务,行业媒体
Spark Advisors,,金融保险,保险,B2B+B2C,服务商,,海外,帮助医疗保险经纪人进行营销、销售支持、后台管理,行业服务,行业媒体
SpinSci,,医疗健康;文娱社交,健康管理;文娱;社交平台,B2B,技术服务商,,海外,AI驱动改善患者互动和简化工作流程,老年文娱,社交平台
Spring Health,,精神健康,心理健康服务,B2B,服务商(媒体/数据),,海外,心理健康初创公司，估值33亿美元,行业服务,行业媒体
Starling Medical,,医疗健康;消费品,慢病管理;智能硬件;远程医疗,B2B+B2C,制造商(硬件/设备),,海外,家用尿液分析设备远程监控慢性病,行业服务,行业媒体
Steadiwear,,养老服务;消费品,日用;适老化,B2B,服务商(媒体/数据),,海外,帕金森手套，减少手部颤抖,行业服务,行业媒体
Stepful,,文娱社交,咨询研究,B2C,服务商,,海外,AI驱动的医疗人员培训平台,行业服务,行业媒体
Stitch,,文娱社交,文娱,B2B,服务商(媒体/数据),,海外,帮助50岁以上的人找到陪伴和建立社交联系,行业服务,行业媒体
Stripes Beauty,,医疗健康;女性健康;食品营养,保健品;女性健康服务;更年期,未标注,服务商,,海外,Naomi Watts创立，针对更年期需求，被收购,健康食品,保健品&OTC
Strive Health,,养老服务;医疗健康,专业护理;慢病管理,B2B+B2C,服务商,,海外,价值型肾脏护理领域全国领导者,养老服务,专业级护理
Sugar.fit,,医疗健康,健康监测;慢病管理,B2B+B2C,服务商,,海外,数字健康解决方案，解决2型糖尿病和糖尿病前期,健康服务,血压血糖
Swift Medical,,养老服务;智能科技,专业护理;数字化,B2B,技术服务商,,海外,数字伤口护理管理，AI技术,养老服务,专业级护理
Switchboard Health,,养老服务,居家护理,B2B+B2C,服务商,,海外,识别和协调高价值的专业护理服务,行业服务,行业媒体
Talkiatry,,医疗健康;消费品;精神健康,心理健康服务;智能硬件;认知症,B2B+B2C,服务商,,海外,精神科护理初创公司,康复设备,精神&神经
Teami,,医疗健康,SODH,B2B,服务商(媒体/数据),,海外,聘请大学生上门拜访原地养老的人,行业服务,行业媒体
Tennr,,医疗健康,健康管理,B2B,服务商(媒体/数据),,海外,医疗保健领域传真通信现代化,行业服务,行业媒体
Thinkie,,医疗健康,认知症,B2C,制造商(硬件/设备),,海外,经科学验证的大脑训练传感器，使用3个月大脑年龄减少3.7岁,失智老人赛道,认知症产品
Thoughtful AI,,养老服务;文娱社交,文娱;智慧养老;社交平台,B2B,技术服务商,,海外,AI代理解决医疗保健提供商收入周期挑战,老年文娱,社交平台
Thrive AI Health,,养老服务;医疗健康;文娱社交,慢病管理;文娱;智慧养老;社交平台,B2B,技术服务商,,海外,OpenAI创业基金支持，AI健康教练促进健康生活方式,老年文娱,社交平台
Tia,,医疗健康,女性健康服务,B2B,服务商(媒体/数据),线上;线下,海外,综合性女性健康平台，线上线下结合,行业服务,行业媒体
Together by Renee,,医疗健康;文娱社交,健康管理;文娱;社交平台,B2B+B2C,服务商,,海外,拍摄处方照片管理药物，AI读取保险覆盖,老年文娱,社交平台
Toi Labs,,消费品,日用;智能硬件,B2C,制造商(硬件/设备),,海外,TrueLoo智能马桶座，光学传感器分析马桶活动,行业服务,行业媒体
Tomorrow Health,,养老服务,专业护理,B2B+B2C,服务商,,海外,简化家庭护理流程，匹配高质量供应商,养老服务,专业级护理
Transcarent,,医疗健康,健康管理,B2B+B2C,服务商,,海外,整合医疗、外科、药房和心理健康护理的平台，估值22亿美元,行业服务,行业媒体
Tuesday Health,,养老服务;医疗健康,临终关怀;居家护理,B2B+B2C,服务商,,海外,虚拟临终关怀提供商，为重病患者提供全人护理,养老服务,临终关怀
Tuned,,文娱社交;消费品,助听器;文娱;社交平台,B2B,技术服务商,,海外,结合AI和智能助听器改善听力质量,老年文娱,社交平台
Two Chairs,,精神健康,心理健康服务,B2B,服务商(媒体/数据),,海外,专有算法帮助将合适治疗师与患者匹配,行业服务,行业媒体
TympaHealth,,消费品,助听器,B2B,服务商(媒体/数据),,海外,耳部和听力健康评估系统，数字耳镜检查+听力评估,行业服务,行业媒体
Unfabled,,医疗健康;消费品;渠道零售;食品营养,保健品;女性健康服务;日用;零售,未标注,服务商,,海外,在线市场，女性健康和保健产品,购物渠道,线上渠道
UnitedHealth Group (UHG),,医疗健康,健康管理,B2B+B2C,服务商,,海外,通过Optum收购多家医生团体，布局价值型护理,行业服务,行业媒体
Upsidehom,,养老服务,养老社区,B2B,服务商(媒体/数据),,海外,为老年人提供现代舒适住房，配备家具公寓,行业服务,行业媒体
Upward Health,,养老服务;医疗健康,居家护理;慢病管理,B2B+B2C,服务商,,海外,面向复杂疾病患者，由商业保险、医疗保险、医疗补助100%付款,行业服务,行业媒体
Vayyar,万蕴,医疗健康,健康监测,B2B,服务商(媒体/数据),,海外,4D成像雷达，非侵入式全面环境监测，隐私保护,行业服务,行业媒体
vermut,,文娱社交,文娱;社交平台,B2C,平台,线上,海外,社交网络平台APP，发布活动、聚会,老年文娱,社交平台
Vi Health,,医疗健康;女性健康;文娱社交,女性健康服务;文娱;更年期;社交平台,B2C,平台,线上,海外,为更年期女性提供量身定制的支持APP,老年文娱,社交平台
Videra Health,,养老服务;医疗健康;文娱社交,健康管理;文娱;智慧养老;社交平台,B2B,技术服务商,,海外,AI检测面部表情和肢体语言变化筛查心理健康,老年文娱,社交平台
Virtuleap,,医疗健康,认知症;认知训练,B2B,技术服务商,,海外,VR和AI提升认知治疗和诊断，产品Enhance VR和Cogniclear VR,失智老人赛道,认知症产品
Visibly,,消费品,日用;眼镜,未标注,服务商,,海外,全球首个FDA批准的在线视力测试,养老用品,视觉障碍
Vitable,,医疗健康,健康管理,未标注,服务商,,海外,为小型雇主提供初级保健服务，每月30美元/员工,健康食品,保健品&OTC
VitalTech,,医疗健康,慢病管理;远程医疗,B2B+B2C,服务商,,海外,家庭护理远程监控和慢性病管理解决方案,行业服务,行业媒体
Vitas,,医疗健康,临终关怀,B2B,服务商(媒体/数据),,海外,美国最大临终关怀机构,行业服务,行业媒体
Vivian Labs,,女性健康,更年期,B2B+B2C,服务商,,海外,为更年期女性提供个性化护理数字平台,行业服务,行业媒体
Vivo,,医疗健康;文娱社交,健康管理;健身,B2C,服务商,,海外,在线锻炼，现场教练授课，帮助老人重建肌肉,健康服务,健康养生
Voiceitt,,养老服务;文娱社交,文娱;社交平台;适老化,B2B,技术服务商,,海外,言语障碍人士的语音AI解决方案,老年文娱,社交平台
Vori Health,,医疗健康,健康管理,B2B+B2C,服务商,,海外,虚拟/面对面肌肉骨骼护理,行业服务,行业媒体
Voxela,,养老服务;医疗健康;文娱社交,健康监测;文娱;智慧养老;社交平台,B2B,技术服务商,,海外,AI图像分析检测跌倒和走动，护理机构和医院,老年文娱,社交平台
Vyld,,养老服务,专业护理,B2B,服务商(媒体/数据),,海外,海藻卫生棉条和可堆肥尿布,行业服务,行业媒体
VyncaCare,,养老服务;医疗健康,专业护理;临终关怀,B2B+B2C,服务商,,海外,姑息治疗、高级护理计划和增强护理管理,养老服务,专业级护理
Waterlily,,养老服务;文娱社交,居家护理;文娱;智慧养老;社交平台,B2B,技术服务商,,海外,AI预测长期护理需求，个性化定制护理计划,老年文娱,社交平台
Watershed Health,,养老服务,护理平台,B2B+B2C,服务商,,海外,连接患者所有临床和非临床团队改善护理协调,行业服务,行业媒体
Welbi,,养老服务;医疗健康,健康管理;养老机构,B2B+B2C,平台,,海外,专注于养老院和退休护理社区的健康管理,养老地产,运营商
Wesper,,医疗健康,健康监测;认知症,B2B+B2C,服务商,,海外,家用睡眠测试和呼吸暂停诊断，FDA批准,健康服务,睡眠监测
Wheel,,养老服务;智能科技,专业护理;数字化;虚拟护理,B2B+B2C,服务商,,海外,帮助临床工作人员的虚拟护理平台,养老服务,专业级护理
Wheel the World,,文娱社交,旅游,B2B,服务商(媒体/数据),,海外,无障碍旅行初创公司,行业服务,行业媒体
Wile,,女性健康;食品营养,更年期;营养食品,B2B,服务商(媒体/数据),,海外,女性健康补充剂，针对围绝经期，被Nameless CPG收购,行业服务,行业媒体
Xander Glasses,,文娱社交;消费品,文娱;眼镜,B2B,服务商(媒体/数据),,海外,将语音翻译成文本并实时显示字幕，AR增强对话,行业服务,行业媒体
YgEia3,,食品营养,营养食品,B2B,服务商(媒体/数据),,海外,与公司合作开发全面健康测试,行业服务,行业媒体
Yurtle,,养老服务;智能科技;金融保险,保险;居家护理;数字化,B2B+B2C,服务商,,海外,员工福利平台，护理管理和护理保险,行业服务,行业媒体
Zen Sleep,,医疗健康,健康监测;认知症,B2B+B2C,服务商,,海外,失眠认知行为疗法(CBT-I)应用程序,健康服务,睡眠监测
Zing Health,,医疗健康;金融保险,SODH;保险,B2B,服务商(媒体/数据),,海外,解决健康社会决定因素，减少服务不足人群医疗差距,行业服务,行业媒体
Zinnia,,医疗健康,认知症,B2B,服务商(媒体/数据),,海外,治疗性电视应用，为痴呆症患者提供支持,行业服务,行业媒体
Ōmcare,,医疗健康,健康管理,B2B,制造商(药),,海外,一体化家庭健康平台，正确时间正确药物,行业服务,行业媒体
ŌURA,欧若拉,医疗健康;消费品,健康监测;智能硬件,B2B,服务商(媒体/数据),,海外,Oura智能戒指，收集20+种生物特征数据,行业服务,行业媒体
大和房屋工业 (Daiwa House),大和房屋工业 (Daiwa House),养老服务,适老化改造,B2B,服务商(媒体/数据),,海外,住宅改造相关,行业服务,行业媒体
积水房屋 (Sekisui House),积水房屋 (Sekisui House),养老服务,适老化;适老化改造,B2B,服务商(媒体/数据),,海外,住宅改造相关，适老化改造似乎只占一小部分,行业服务,行业媒体
茑屋书店,茑屋书店,养老服务,养老社区,B2B,服务商(媒体/数据),,海外,资料不是很多,行业服务,行业媒体
茜会,茜会,文娱社交,相亲,B2B,服务商(媒体/数据),线下,海外,每年500多场线下活动，无需结婚,行业服务,行业媒体
Ashiana Housing,,养老服务,养老社区,B2B,服务商(媒体/数据),,海外,印度排名第一的老年公寓，2025财年预售额目标200亿卢比,行业服务,行业媒体
Club Tourism,,文娱社交,旅游,B2C,服务商,,海外,日本老年旅游,行业服务,行业媒体
HealthKart,,食品营养,保健品;营养食品,B2C,制造商(消费品),,海外,印度最大消费者营养平台，蛋白质补充剂,健康食品,保健品&OTC
Ivory,,医疗健康,认知症,未标注,服务商,,海外,大脑健康初创公司，覆盖1500万面临痴呆症风险的印度人,失智老人赛道,病情早筛
Khyaal,,文娱社交,文娱,B2B,服务商(媒体/数据),,海外,印度老年人超级应用，覆盖300万+老年用户,行业服务,行业媒体
Nikko Travel,,文娱社交,旅游,未标注,上市公司,,海外,日本高端老年旅游上市公司,行业服务,行业媒体
Partner Agent,,文娱社交,相亲,B2B,服务商(媒体/数据),,海外,日本老年婚介,行业服务,行业媒体
Seniorworld,,文娱社交,文娱;社交平台,B2B+B2C,平台,,海外,印度规模最大的老年人社区，20万老年人,老年文娱,社交平台
镰仓新书,镰仓新书,医疗健康,临终关怀,未标注,上市公司,,海外,日本京东上市的殡葬服务公司，购墓、殡仪、佛坛等,行业服务,行业媒体
Landmark Health,,养老服务,居家护理,B2B+B2C,平台,,海外,为患有多种慢性病的复杂老年患者群体提供居家医疗服务，隶属于Optum/UHG，被Optum以35亿美元收购,行业服务,行业媒体
Optum (Home & Community),,养老服务;文娱社交,专业护理;居家护理;文娱,B2B+B2C,平台,,海外,UHG旗下Optum Home & Community（含Landmark），深度布局老年居家和社区护理，UHG是最大MA提供商,养老服务,专业级护理
DispatchHealth,,养老服务,专业护理;居家护理,B2B+B2C,平台,,海外,提供上门的紧急和急性护理服务（移动急诊室/居家医院模式），老年人是核心受益者。总融资额约7.3亿美元,养老服务,专业级护理
Medically Home,,养老服务,居家护理,B2B+B2C,平台,,海外,"提供""居家医院""技术和服务平台，赋能医疗系统将急性护理转移到家庭，主要服务老年患者。总融资额约2.7-2.8亿美元",行业服务,行业媒体
Iora Health,,养老服务;金融保险,产业资本;护理平台,B2B+B2C,服务商,,海外,创立之初就专注于老年人(Medicare受益者)的初级保健，强调关系和团队协作。被Amazon通过One Medical以39亿美元收购,健康食品,保健品&OTC
Philips (Lifeline),飞利浦（Lifeline）,养老服务;消费品;金融保险,产业资本;居家护理;智能硬件,B2C,制造商(硬件/设备),,海外,飞利浦Lifeline是个人紧急响应系统（PERS）的先驱品牌，提供可穿戴紧急呼叫设备和24/7紧急响应服务，2006年飞利浦收购Lifeline System,产业资本,消费背景
Best Buy Health,百思买健康,养老服务;医疗健康,居家护理;慢病管理,B2B+B2C,平台,,海外,提供PERS(Lively)、RPM(Current Health)及技术服务整合(Geek Squad)，主要服务老年人居家健康和技术需求。Curren...,健康服务,慢病管理
Encompass Health,,养老服务;医疗健康,专业护理;居家护理;远程医疗,未标注,上市公司,,海外,上市公司(EHC)，数十亿营收。远程康复、数据分析优化流程，成熟连锁医疗服务体系。海量老年康复/居家患者,养老服务,专业级护理
AccentCare,,养老服务,专业护理;居家护理,B2B+B2C,服务商,线下,海外,PE大额并购支撑，规模头部。以线下服务交付为主，连锁居家机构标准化运营。2019收购，2018融资3.75亿,养老服务,专业级护理
Right At Home,,养老服务,专业护理;居家护理,B2B+B2C,服务商,,海外,Right at Home是居家护理加盟品牌，提供个人护理、companionship、护理管理等服务，在全美和全球拥有500+加盟点。,养老服务,专业级护理
LHC Group,,养老服务;医疗健康,临终关怀;居家护理,未标注,上市公司,,海外,美国家庭医疗保健服务商，主要为老年慢性病患者提供居家医疗、临终关怀、医疗护理以及家庭健康等服务。2005年上市融资6720万美元，2022年以54亿美元被并购,健康食品,保健品&OTC
Aveanna Healthcare,,养老服务;医疗健康,临终关怀;居家护理,未标注,上市公司,,海外,美国家庭健康、临终关怀服务提供商，主要业务还包括儿科治疗、个人护理等。2021年上市融资4.59亿美元,养老服务,临终关怀
InnovAge,,养老服务,专业护理;养老社区;居家护理,未标注,上市公司,,海外,提供老年人全包护理计划(PACE)，为居家老人提供处方药、医疗保健、家庭护理、体检、医院就诊、上门协助、交通、营养等服务。2021年上市融资3.5亿美元,养老服务,专业级护理
Addus HomeCare,爱德斯家庭护理,养老服务,专业护理;居家护理,未标注,上市公司,,海外,美国家庭护理服务提供商，以家庭及社区为基础，面向老人、长期病患、残疾人士等提供个人护理、日常生活活动支援、成人日间看护等服务。2009年上市融资5400万美元,养老服务,专业级护理
The Pennant Group,,养老服务;医疗健康,临终关怀;居家护理,未标注,上市公司,,海外,美国家庭健康、临终关怀、家庭护理、辅助生活、独立生活、记忆护理服务提供商。2019年上市,养老服务,临终关怀
Enhabit,,养老服务;医疗健康,临终关怀;居家护理,未标注,上市公司,,海外,成立于2014年，美国家庭健康、临终关怀服务商。2022年上市,养老服务,临终关怀
Ready Responders,,养老服务;医疗健康,健康管理;居家护理,B2B+B2C,平台,,海外,美国家庭健康服务提供商，为患者提供紧急护理、出院后的过渡护理以及社区护理等医疗服务。2020年B+C轮1.02亿美元，谷歌风投入股,健康服务,健康养生
Kenbi,,养老服务,居家护理,B2B+B2C,服务商,,海外,提供家庭护理、家庭健康、家政服务、亲属支持、陪伴等服务。2021.12天使轮后战略投资2664万美元,养老服务,传统家政
Emoha Elder Care,,养老服务,专业护理;居家护理,B2B+B2C,服务商,,海外,印度老年人护理服务商，主要在老年人家中提供360度护理服务，将实践、护理协议和技术解决方案结合在一起。2023.10 A轮1100万美元,养老服务,专业级护理
BelleVie,,养老服务;医疗健康,专业护理;居家护理;认知症,B2B+B2C,平台,,海外,英国居家护理提供商，包括个人护理、陪伴、做家务，以及痴呆症、帕金森、癌症等专业护理。2019年种子轮260万英镑,养老服务,专业级护理
Voize,,文娱社交;智能科技,数字化;文娱;机器人;社交平台,B2B,技术服务商,,海外,AI语音护理记录助手，利用AI将护理员口述语音自动转化为合规的结构化文档。已在德国1000+家养老机构落地,老年文娱,社交平台
Orion,,医疗健康;文娱社交;智能科技;消费品,健康监测;文娱;智能硬件;睡眠科技;社交平台,B2B,技术服务商,,海外,AI智能温控床垫罩，对标Eight Sleep，通过水循环调节床垫温度，AI监测睡眠数据。价格比竞品低$400-$800,老年文娱,社交平台
Arya Health,,医疗健康;文娱社交;智能科技,康复医疗;数字化;文娱;社交平台,B2B,技术服务商,,海外,AI康复后护理管理平台，为康复护理机构提供AI代理，自动化管理康复护理流程,老年文娱,社交平台
Nestimate,,金融保险,养老金融,B2B+B2C,服务商,,海外,为财务顾问、资产经理和保险公司提供退休收入分析软件平台,行业服务,行业媒体
IO Health Technologies,,养老服务;医疗健康;文娱社交;智能科技,临终关怀;居家护理;数字化;文娱;智慧养老,B2B+B2C,平台,,海外,AI驱动的居家医疗/临终关怀合规平台，为居家医疗和临终关怀机构提供AI平台，确保行政合规和质量,老年文娱,社交平台
Synchron,,医疗健康;智能科技,AI科技;认知症,B2B,服务商(媒体/数据),,海外,非手术脑机接口(BCI)，帮助瘫痪患者恢复沟通和行动能力。微创植入，未来将扩展至与衰老相关的认知和功能衰退,行业服务,行业媒体
ExaCare AI,,养老服务;文娱社交;智能科技,数字化;文娱;智慧养老;社交平台,B2B,技术服务商,,海外,目标客户是康复护理设施的管理层和运营团队，AI驱动的运营自动化，减轻护理团队的行政和管理负担,老年文娱,社交平台
Duos,,养老服务;文娱社交;金融保险,产业资本;保险科技;文娱;智慧养老;社交平台,B2B+B2C,服务商,,海外,AI驱动的数字健康平台，负责保险计划的会员激活和福利执行。商业模式高度聚焦于Medicare Advantage等支付方，帮助老年用户理解和使用复杂的健康福利,老年文娱,社交平台
Google Gemini AI 健康教练,Google Gemini AI 健康教练,养老服务;文娱社交,文娱;智慧养老;社交平台,B2B,技术服务商,,海外,基于Gemini LLM的个性化健康教练，整合Fitbit/Pixel Watch数据。科技巨头首次将顶级LLM深度用于大规模、个性化的慢性病和健康风险管理,老年文娱,社交平台
LambdaVision,,医疗健康;消费品,医疗器械;眼镜,B2B,服务商(媒体/数据),,海外,人工视网膜，用于治疗年龄相关性黄斑变性(AMD)等老年致盲性疾病。利用国际空间站微重力环境进行制造,行业服务,行业媒体
Hippocratic AI,,文娱社交;智能科技,数字化;文娱;社交平台,B2B,技术服务商,,海外,医疗AI代理，执行低风险、面向患者的行政和运营任务。估值35亿；已与50+大型医疗系统/支付方合作；累计完成1.15亿+临床患者互动。累计融资4.04亿美...,老年文娱,社交平台
Generation Lab,,智能科技,长寿科技,B2B,制造商(硬件/设备),,海外,开发平台，旨在提供全面、准确且可操作的老化诊断(Aging Diagnostics)，属于长寿经济(Longevity Economy)的关键赛道,行业服务,行业媒体
Nila,,养老服务;文娱社交,专业护理;旅游,B2B+B2C,服务商,,海外,医疗保健管理平台，帮助海外人士照顾家乡的年迈亲属。解决全球化背景下的跨境老年护理和管理痛点,养老服务,专业级护理
NewDays,,医疗健康;文娱社交,文娱;社交平台;认知症;认知训练;陪伴机器人,B2B+B2C,服务商,,海外,核心是AI伴侣Sunny，提供非药物干预的认知康复和认知刺激疗法。将AI驱动的伴侣与人类临床监督相结合。虚拟治疗预约(接受保险支付)+AI伴侣家庭作业(每...,老年文娱,社交平台
Sunrise Group,,医疗健康;智能科技,健康监测;睡眠科技,B2B,技术服务商,,海外,睡眠科技公司，扩大旗下Dreem Health业务。推进其获得FDA批准的睡眠呼吸暂停技术在全国范围的推广，2015年成立,健康服务,睡眠监测
Eight Sleep,八睡眠,医疗健康;智能科技;消费品,健康监测;智能硬件;睡眠科技,B2B,技术服务商,,海外,智能床系统(消费品)。开发AI睡眠代理；计划进军医疗领域(更年期睡眠、睡眠呼吸暂停)，寻求FDA批准,行业服务,行业媒体
Leal Therapeutics,,医疗健康,认知症,B2B,制造商(药),,海外,开发治疗神经精神或神经退行性疾病患者的药物，典型代表是阿尔茨海默病、帕金森病等,行业服务,行业媒体
Jocasta Neuroscience,,医疗健康;智能科技,认知症;长寿科技,B2B,技术服务商,,海外,专注于长寿(Longevity)领域，研发专有的长寿蛋白配方(α-Klotho)，用于治疗神经退行性疾病中的认知障碍等疾病,行业服务,行业媒体
Wellth,,医疗健康;金融保险,产业资本;健康管理;慢病管理,B2B+B2C,服务商,,海外,数字健康公司，利用行为经济学和财务激励提高慢性病人群的依从性。明确服务于Medicare Advantage(MA)、Medicaid、D-SNP等老年高...,健康服务,慢病管理
SetPoint Medical,,医疗健康;智能科技;消费品,康复医疗;智能硬件;长寿科技,B2B+B2C,制造商(硬件/设备),,海外,神经免疫调节疗法开发商，研发SetPoint System(植入式设备)，通过迷走神经刺激治疗类风湿性关节炎(RA)。2025年7月获得FDA批准,康复设备,运动康复
世道护理,世道护理,养老服务,专业护理,B2B+B2C,服务商,,海外,小户型静音折叠电动护理床，一线城市高客单,养老服务,专业级护理
Accelera,,医疗健康,康复医疗,B2C,制造商(硬件/设备),,海外,先进可穿戴技术，改善本体感觉与神经可塑性，加速关节康复、平衡与步态控制。,康复设备,可穿戴康复
Amba,,智能科技,机器人;照护系统,B2B+B2C,服务商,,海外,通过护理自动化减轻团队工作量，提供卓越护理并提升效率。,养老服务,护理自动化
Ping,,文娱社交,咨询研究,B2B,服务商(媒体/数据),,海外,对齐公司愿景与利益相关者，涉及战略、销售与产品开发。,行业服务,战略咨询
Clairvoyant Networks,,医疗健康,健康监测;远程医疗,B2B,技术服务商,,海外,远程监测解决方案（Theora360云平台），利用AI最大化长者与慢性病患者的生活质量。,健康服务,远程监测
Artifcts,,医疗健康,临终关怀,B2C,服务商,,海外,将物品与故事记忆关联，可整理、搜索、分享或私存的遗产记录平台。,老年文娱,遗产记录
ONSCREEN,,医疗健康,远程医疗,未标注,服务商,,海外,将电视变为视频通信平台，方便与年老亲人连接（$19.99/月）。,养老用品,视频通信
Embodied Labs,,文娱社交,文娱,B2C,服务商,,海外,开发虚拟现实沉浸式培训，让人从他人视角体会以提供更好护理。,健康服务,VR培训
Discover Live,,文娱社交,旅游,B2C,服务商,,海外,自2017年起提供直播与点播虚拟旅行，减少孤独与记忆丧失。,老年文娱,虚拟旅行
MyHelloLine,,精神健康,心理健康服务,B2B+B2C,服务商,,海外,孤独干预服务，增加社会连接，在隔离期成为生命线。,健康服务,孤独干预
SuperAging News,,文娱社交;渠道零售,行业媒体;零售,B2C,平台,线上,海外,营销服务组织，结合数字出版与电商，触达长寿市场受众。,行业服务,营销媒体
JOY FOR ALL,,文娱社交;智能科技,机器人;陪伴机器人,未标注,服务商,,海外,交互式陪伴猫/狗，为长者带来舒适、陪伴与乐趣。,养老用品,陪伴机器人
Phoenix Hipwear,,医疗健康,健康监测,未标注,服务商,,海外,柔软轻量髋关节保护服饰，防跌倒损伤。,康复设备,防跌倒
Brava,,消费品;食品营养,智能硬件;营养食品,B2B,技术服务商,,海外,用光技术烹饪，精准快速搞定三餐。,健康食品,智能烹饪
Homage,,养老服务,居家护理;护理平台,未标注,服务商,,海外,新加坡灵活个性化老人健康与照护平台，App预约上门照护。,养老照护,居家照护平台
Trusty.care,,金融保险,保险科技;养老金融,未标注,服务商,,海外,面向医疗保险销售的端到端会员参与平台，优化销售与留存。,养老金融,保险科技
DNX,,医疗健康;精神健康,健康监测;心理健康服务,未标注,服务商,,海外,通过语音消息与干预改善老人远程监测、行为改变与孤独缓解。,适老科技,语音远程监测
Elder,,养老服务,居家护理;护理平台,未标注,服务商,,海外,英国居家照护平台，24小时内匹配评估过的live-in看护者。,养老照护,居家照护匹配
Patronus,,医疗健康,健康管理,未标注,服务商,,海外,以现代数字化技术改善老年医疗被忽视现状的平台。,健康服务,数字健康
Emoha,,养老服务,居家护理,未标注,服务商,,海外,印度居家与旅行老人照护服务，含紧急响应与预防监测。,养老照护,居家/旅行照护
Lindera,,医疗健康,健康监测,未标注,服务商,,海外,开发AI步行分析App优化日常照护并专注防跌倒。,适老科技,AI防跌倒
Labrador,,智能科技;消费品,智能硬件;机器人,未标注,服务商,,海外,辅助机器人公司，移动机器人帮老人送餐取物提升独立生活。,智能硬件,辅助机器人
SmartQare,,医疗健康,健康监测,未标注,服务商,,海外,多传感器设备viQtor实现24/7生命体征与跌倒监测。,适老科技,多传感器监测
NurseBuddy,,智能科技,照护系统,未标注,服务商,,海外,居家照护软件，用AI排班与护理计划节省80%时间。,养老照护,照护排班软件
Aloe Care Health,,医疗健康,健康监测,未标注,服务商,,海外,为老人与照护者提供含跌倒检测的医疗警报系统与4G设备。,适老科技,医疗警报
GrandCare Systems,,医疗健康;消费品,智能硬件;远程医疗,未标注,服务商,,海外,远程支持与辅助技术，通过触摸屏与传感器提升独立生活。,适老科技,智能家庭
Cuideo,,养老服务,居家护理;护理平台,未标注,服务商,,海外,西班牙居家老人照护服务，平台匹配本地训练看护者。,养老照护,居家照护平台
Cooey Health,,医疗健康,慢病管理;远程医疗,未标注,服务商,,海外,个性化远程患者照护，整合生理与行为健康并延伸计费管理。,健康服务,远程患者照护
Senniors,,养老服务,居家护理,未标注,服务商,,海外,西班牙超100城上门照护，含理疗心理等综合居家疗法。,养老照护,上门照护
GrandPad,,消费品;精神健康,心理健康服务;智能硬件,未标注,服务商,,海外,专为老人设计的平板，含4G、私人家庭网络与24/7客服。,适老科技,老人平板
LIBIFY,,医疗健康,健康监测,未标注,服务商,,海外,德国紧急呼叫系统（家用/移动），含跌倒传感器与GPS定位。,适老科技,紧急呼叫
Nourish Care,,智能科技,照护系统,未标注,服务商,,海外,英国照护管理软件，灵活记录协调与报告社交照护。,养老照护,照护管理软件
Herewith,,养老服务,居家护理,未标注,服务商,,海外,旧金山上门照护平台，App做背景调查与虚拟面试匹配看护。,养老照护,上门照护平台
RetroBrain R&D,,医疗健康,认知症;认知训练,未标注,服务商,,海外,开发手势控制游戏机memoreCare，科学改善老人身心健康。,老年文娱,认知训练
Empassion Health,,养老服务;智能科技,护理平台;照护系统,未标注,服务商,,海外,为重病老人提供协作式进阶照护协调平台。,健康服务,照护协调
eCaring,,智能科技,照护系统,未标注,服务商,,海外,家用照护软件一体平台，含排班、EVV与护工日结薪激励。,养老照护,照护软件
Jubo Health,,养老服务;医疗健康,健康监测;居家护理,未标注,服务商,,海外,连网照护方案VitalLink测生命体征、FamilyLine管探访。,适老科技,连网照护
Aline (Sherpa),,智能科技,照护系统,未标注,服务商,,海外,养老生活操作系统，整合销售、运营、租赁与居民照护工作流。,养老服务,养老OS
Smartcare,,智能科技,照护系统,未标注,服务商,,海外,养老照护软件与EMR，自动化排班匹配护工提升留存。,养老照护,照护软件EMR
MyndVR,,精神健康,心理健康服务,未标注,服务商,,海外,为老人提供虚拟现实疗法以减轻疼痛焦虑的VR方案。,老年文娱,VR疗法
CARU,,医疗健康,健康监测,未标注,服务商,,海外,瑞士紧急呼叫系统，支持按钮/语音与自动跌倒检测。,适老科技,紧急呼叫
PalCare,,医疗健康;智能科技,健康监测;照护系统,未标注,服务商,,海外,养老紧急呼叫、护士呼叫、门禁与走失管理硬件软件平台。,适老科技,安全呼叫
AutumnCare,,智能科技,照护系统,未标注,服务商,,海外,澳洲临床管理云软件，含电子药管与现场点采集数据。,养老照护,临床管理云
Mon Ami,,智能科技,照护系统,未标注,服务商,,海外,为老残服务机构重造数据库，自动报告与活动协调。,养老服务,机构管理软件
Care Daily,,医疗健康;智能科技,AI科技;健康监测,未标注,服务商,,海外,AI管家学行为基线，预测隐秘健康问题与节能安防。,适老科技,AI家庭传感器
Caring.com,,文娱社交,咨询研究,未标注,服务商,,海外,全美养老社区与居家照护免费目录与家庭顾问指导。,养老服务,信息目录
Eldermark,,智能科技,照护系统,未标注,服务商,,海外,30年养老软件，分析洞察提收入简行政。,养老服务,养老软件分析
ZIBRIO,,医疗健康,健康监测,未标注,服务商,,海外,平衡测量设备，用稳定性秤预测跌倒风险。,康复设备,平衡测量
Intus Care,,医疗健康;智能科技,AI科技;健康监测,未标注,服务商,,海外,养老医疗分析平台，预测住院与慢病风险优化PACE照护。,健康服务,健康分析
Effectivate,,医疗健康;智能科技,AI科技;认知症;认知训练,未标注,服务商,,海外,机器学习脑训练平台，个性化改善老人记忆与认知。,老年文娱,脑训练
Gubbe,,智能科技,照护系统,未标注,服务商,,海外,芬兰连接老人与看护者App，含传感器跌倒监测。,养老照护,照护连接App
CareConnectMD,,养老服务;医疗健康,健康管理;居家护理,未标注,服务商,,海外,25年经验将价值型照护带入急性后设置的复杂病患。,健康服务,价值型医疗
HaloCare,,医疗健康,远程医疗,未标注,服务商,,海外,爱尔兰辅助生活技术，用智能设备虚拟监护老人居家。,适老科技,虚拟监护
Endear Health,,医疗健康,健康管理,未标注,服务商,,海外,API连接平台让支付方与供方为老人提供最佳会员体验。,健康服务,健康平台API
Sensi,,医疗健康,健康监测,未标注,服务商,,海外,触发式音频分析平台，在家护中预测预防异常且保隐私。,适老科技,音频分析
Sensara,,医疗健康,健康监测,未标注,服务商,,海外,自学习传感技术，仅发相关警报让老人自由活动防跌。,适老科技,自学习传感
Good Life Sorted,,消费品,智能硬件,未标注,服务商,,海外,老人App与智能家技术提醒用药、连社交减孤立。,适老科技,智能家庭App
Cubigo,,智能科技,数字化,未标注,服务商,,海外,养老生活云集成非临床运营（餐饮、维修等）提效率。,养老服务,养老生活云
Sage,,医疗健康;智能科技,AI科技;健康监测,未标注,服务商,,海外,AI养老护理平台，预测分析预防跌倒与衰退，服务护理机构。,养老照护,AI监测平台
NewLimit,,智能科技,长寿科技,未标注,服务商,,海外,细胞重编程抗衰老公司，推进人类临床实验。,医疗健康,长寿科技
Fountain Life,,智能科技,长寿科技,未标注,服务商,,海外,高端长寿诊所，提供全面体检与早筛服务。,医疗健康,长寿诊所
OneSkin,,智能科技;消费品,个护;长寿科技,未标注,服务商,,海外,开发延缓衰老的皮肤长寿产品（_topical senescence）。,医疗健康,皮肤长寿
Intuition Robotics,,文娱社交;智能科技,机器人;陪伴机器人,未标注,服务商,,海外,AI社交陪伴机器人ElliQ，缓解老人孤独、健康教练。,智能硬件,陪伴机器人
Wanda Health,,医疗健康,远程医疗,未标注,服务商,,海外,布里斯托远程患者监测平台，加速居家慢病管理增长。,健康服务,远程监测
Percipio Health,,医疗健康,远程医疗,未标注,服务商,,海外,智能手机远程患者监测平台，AI分析健康数据。,健康服务,远程监测
The Helper Bees,,养老服务;金融保险,养老金融;居家护理,未标注,服务商,,海外,提供审核家居护理服务的技术平台，与保险计划集成。,养老照护,居家护理对接
Haelo,,医疗健康;消费品,健康监测;智能硬件,未标注,服务商,,海外,持续监测戒指，实时检测跌倒与健康异常。,适老科技,穿戴戒指
Uniper Care,,文娱社交,陪伴机器人,未标注,服务商,,海外,数字平台连接老人到社区活动、互动内容与远程关怀。,老年文娱,虚拟老年中心
Axena Health,,医疗健康,女性健康服务,未标注,服务商,,海外,医生处方、非侵入式女性盆底健康系统，带入家庭。,医疗健康,女性盆底
Neursantys,,医疗健康;精神健康,健康监测;心理健康服务,未标注,服务商,,海外,非侵入式生物电子平台测量并恢复前庭平衡，降跌倒风险。,康复设备,平衡恢复
Cadense,,消费品,智能硬件;鞋服,未标注,服务商,,海外,结合机器人与生物力学的自适应鞋，帮助行走困难者。,康复设备,自适应鞋
Cherish,,医疗健康,健康监测,未标注,服务商,,海外,雷达传感器隐私优先环境监测，实时检测风险无需穿戴/摄像头。,适老科技,雷达监测
Diligent Robotics,,智能科技,机器人,未标注,服务商,,海外,AI机器人助手Moxi在医院执行日常非护理任务，减轻医护负担。,智能硬件,医院机器人
Elemind,,精神健康,心理健康服务,未标注,服务商,,海外,可穿戴神经技术，EEG驱动无药物声脉冲引导快速入睡。,适老科技,神经助眠
Mindr,,医疗健康,认知症,未标注,服务商,,海外,AI驱动教练平台，为中年期（尤其照护者）提供每日脑健康活动降痴呆风险。,健康服务,脑健康
Healthnix,,食品营养,营养食品,未标注,服务商,,海外,软件工具助临床医生大规模提供基于生物标志物的个性化营养。,健康服务,营养
Jona,,智能科技;食品营养,AI科技;营养食品,未标注,服务商,,海外,用AI将微生物组数据转为个性化健康洞察与“数字孪生”。,健康服务,微生态
Miils,,食品营养,营养食品,未标注,服务商,,海外,AI为老年人提供个性化膳食计划、营养信息与简易在线杂货采购。,银发消费,膳食计划
Pepper,,文娱社交,文娱,未标注,服务商,,海外,社交烹饪App，连接家庭厨师共享食谱、留存家庭美食记忆。,银发消费,社交烹饪
Ultrahuman,,医疗健康,健康监测,未标注,服务商,,海外,追踪睡眠、运动、血糖等生物标志物的产品套件优化健康。,适老科技,生物标志物追踪
玄源科技 X-ORIGIN-AI,玄源科技,文娱社交,陪伴机器人,未标注,服务商,,国内,消费级AI机器人，围绕全生命周期需求构建个性化AI伴侣。,智能硬件,陪伴机器人
优龙机器人,优龙机器人,康复辅具;消费品,外骨骼;智能硬件,未标注,服务商,,国内,柔性外骨骼助行产品，通过二类医疗器械认证，医养双落地。,康复设备,柔性外骨骼
程天科技,程天科技,康复辅具;消费品,外骨骼;智能硬件,未标注,服务商,,国内,智慧康养外骨骼助行器（消费级“易行EasyGo”），数百台15秒售罄。,康复设备,外骨骼助行
傅利叶智能,傅利叶智能,医疗健康;康复辅具;智能科技,AI科技;外骨骼;康复医疗;机器人,未标注,服务商,,国内,康复机器人矩阵（伽利略、下肢外骨骼等），进驻超500家医疗机构。,康复设备,康复机器人
乐聚机器人,乐聚机器人,养老服务;智能科技,居家护理;机器人,未标注,服务商,,国内,推出家庭场景人形机器人，布局居家养老陪伴。,智能硬件,人形机器人
迈步机器人,迈步机器人,医疗健康;智能科技,康复医疗;机器人,未标注,服务商,,国内,康复机器人研发，初具规模企业之一。,康复设备,康复机器人
卓道医疗,卓道医疗,医疗健康,康复医疗,未标注,服务商,,国内,围绕核心产品搭建智能康复综合解决方案（智慧方舟）。,康复设备,智能康复
江苏艾雨文承,江苏艾雨文承,文娱社交;智能科技,机器人;陪伴机器人,未标注,服务商,,国内,推出集多功能一体的智能养老机器人“大头阿亮”（已至第四代）。,智能硬件,陪伴机器人
麦迪科技,麦迪科技,智能科技,机器人,未标注,服务商,,国内,与傅利叶智能等合作打造医疗看护/护理/陪伴智能康养机器人。,智能硬件,康养机器人
达闼机器人,达闼机器人,智能科技,机器人,未标注,服务商,,国内,与厦门松霖合作研发配备灵巧手的洗护康养人形机器人。,智能硬件,人形机器人
欧圣电气(伊利诺),欧圣电气,养老服务;智能科技,专业护理;机器人,未标注,服务商,,国内,旗下伊利诺ICARE-BOT二便智能护理机器人获多国认证并批量生产。,失能照护,二便护理
中科行智,中科行智,智能科技,机器人,未标注,服务商,,国内,与麦迪科技、傅利叶智能合作智能康养机器人。,智能硬件,康养机器人
大象机器人,大象机器人,文娱社交;智能科技,机器人;陪伴机器人,未标注,服务商,,国内,仿生陪伴机器人（metaPanda/metaCat/metaDog），海外销售占70%。,智能硬件,仿生陪伴
萌友智能,萌友智能,文娱社交;智能科技,机器人;陪伴机器人,未标注,服务商,,国内,首款AI机器宠物Ropet，2025 CES受欢迎，早鸟价189美元。,智能硬件,AI机器宠物
中科源码,中科源码,文娱社交;智能科技;精神健康,心理健康服务;机器人;陪伴机器人,未标注,服务商,,国内,长者陪伴机器人“小丽”，在成都太保家园等应用。,智能硬件,陪伴机器人
森丽康科技,森丽康科技,文娱社交;智能科技;精神健康,心理健康服务;机器人;陪伴机器人,未标注,服务商,,国内,推出长者陪伴机器人“小丽”。,智能硬件,陪伴机器人
腾讯 Robotics X,腾讯,养老服务;智能科技,居家护理;机器人,未标注,服务商,,国内,居家服务机器人“小五”，面向人机协作的养老服务。,智能硬件,居家服务机器人
海尔兄弟机器人,海尔,智能科技,机器人,未标注,服务商,,国内,海尔智家旗下与星动纪元合作服务机器人。,智能硬件,服务机器人
傲鲨智能,傲鲨智能,康复辅具;消费品,外骨骼;智能硬件,未标注,服务商,,国内,外骨骼“养老辅具”，探索社区共享租赁模式。,康复设备,外骨骼辅具
星动纪元,星动纪元,智能科技,机器人,未标注,服务商,,国内,与海尔合作服务机器人。,智能硬件,服务机器人
杭州智元研究院,杭州智元研究院,康复辅具;消费品,外骨骼;智能硬件,未标注,服务商,,国内,开启外骨骼产品个人预售（踏山AsExo-TK1000髋部助行外骨骼）。,康复设备,外骨骼
智听科技,智听科技,消费品,助听器,未标注,服务商,,国内,专注老年听力障碍解决方案，凭国产替代获资本认可。,康复设备,助听器
新奈医疗,新奈医疗,医疗健康,健康监测,未标注,服务商,,国内,聚焦老年睡眠呼吸治疗，AI呼吸机产品打开市场。,医疗健康,睡眠呼吸
百善九号,百善九号,智能科技,照护系统,未标注,服务商,,国内,打造养老领域操作系统/AI数智乐龄生活服务平台。,养老服务,养老OS
分音塔科技,分音塔科技,文娱社交,陪伴机器人,未标注,服务商,,国内,布局老人陪伴与安防场景的科技产品。,适老科技,陪伴安防
九为健康,九为健康,医疗健康;智能科技,AI科技;健康管理,未标注,服务商,,国内,探索中医智能化服务。,健康服务,中医智能化
问岐健康,问岐健康,医疗健康;智能科技,AI科技;健康管理,未标注,服务商,,国内,探索中医智能化服务。,健康服务,中医智能化
朗毅机器人,朗毅机器人,消费品,智能硬件,未标注,服务商,,国内,专注具身导航大脑研发，为养老场景提供技术基座。,智能硬件,具身导航
矩侨工业,矩侨工业,医疗健康;智能科技,健康监测;机器人,未标注,服务商,,国内,柔性传感技术成功适配康复机器人与老年穿戴设备。,适老科技,柔性传感
骅羲智能,骅羲智能,智能科技,机器人,未标注,服务商,,国内,推动C端具身养老机器人量产。,智能硬件,具身养老机器人
中天益寿林,中天益寿林,医疗健康,远程医疗,未标注,服务商,,国内,将医疗养老机构运营与智慧管理系统结合，提供一体化服务。,养老服务,医养结合
百联繁花里,百联繁花里,渠道零售,零售,未标注,服务商,,国内,上海首个银发主题商业综合体，向社区延伸做专属生活枢纽。,银发消费,银发商业综合体
澳维诺,澳维诺,食品营养,营养食品,未标注,服务商,,国内,澳洲关节肌肉品牌，CAHMB成分国内年增速近100%。,银发消费,骨关节营养
好健康 goodhealth,好健康,食品营养,营养食品,未标注,服务商,,国内,新西兰品牌，主打骨胶原蛋白，销售额同比增103.6%。,银发消费,骨胶原
可氏利夫,可氏利夫,消费品,个护,未标注,服务商,,国内,50+专属白转黑头皮精华，半年数百万元销售额。,银发消费,头皮护理
乐霂,乐霂,消费品,个护,未标注,服务商,,国内,头皮修护系列，覆盖数十万用户，复购率35%，增速120%。,银发消费,头皮修护
韩束,韩束,消费品,个护;日用,未标注,服务商,,国内,推出男士控油紧致精华，中老年男性护肤爆款，多平台超3亿。,银发消费,男士护肤
珀莱雅,珀莱雅,消费品,个护,未标注,服务商,,国内,被曝将重启男士护肤赛道，关注银发男性客群。,银发消费,男士护肤
卡唯朵,卡唯朵,消费品,个护;日用,未标注,服务商,,国内,中老年女性抗衰护肤，四个月销量过亿。,银发消费,抗衰护肤
不老谜语,不老谜语,消费品,个护;日用,未标注,服务商,,国内,中老年女性抗衰护肤，季度销售额达亿元。,银发消费,抗衰护肤
斯凯奇,斯凯奇,消费品,日用;鞋服,未标注,服务商,,国内,官宣梁朝伟亚太代言，目光延伸到各年龄段的舒适鞋服。,银发消费,鞋服
因你 inne,因你inne,食品营养,营养食品,未标注,服务商,,国内,联合刘晓庆发布“黄金年代”主题短片，触达银发群体。,银发消费,营养营销
京东方 BOE,京东方,养老服务,智慧养老,未标注,服务商,,国内,养老服务项目获批复，投资超4.5亿元。,养老服务,智慧养老
Celularity,,智能科技,长寿科技,未标注,服务商,,海外,美国细胞再生医学公司，利用人类胎盘来源的细胞技术治疗衰老相关疾病与难治性疾病，聚焦寿命延长科学。2026年1月获1000万美元融资支持健康老龄化管线。,长寿科技/生物医药,细胞再生医学
Altos Labs,,智能科技,长寿科技,未标注,服务商,,海外,由杰夫·贝索斯等支持的细胞重编程公司，聚焦通过 Yamanaka 因子等实现细胞年轻化，研究衰老的可逆性。成立于2021年，融资规模巨大（具体轮次未公开核实）。,长寿科技/生物医药,细胞重编程
Andromeda Robotics,,智能科技;精神健康,心理健康服务;机器人,未标注,技术服务商,,海外,澳大利亚墨尔本公司，开发名为 Abi 的 AI 陪伴人形机器人，通过吹泡泡、对话等方式缓解养老院居民的孤独感。2025年9月完成2300万美元A轮融资，计划拓展,陪伴机器人,养老陪伴人形机器人
Salvo Health,,医疗健康;金融保险,产业资本;慢病管理;远程医疗,未标注,服务商,,海外,纽约慢病管理公司，聚焦胃肠道慢性病的长期治疗，结合“食物即药物”与行为健康，患者症状改善率76%、肠胃相关急诊使用下降79%。2026年2月完成850万美元A轮,健康管理,慢病数字管理
Xella Health,,医疗健康;智能科技,女性健康服务;长寿科技,未标注,服务商,,海外,女性精准健康平台，聚焦生育、衰老与身体变化的纵向数据，提供先进诊断+个性化临床指导，覆盖激素健康、早癌筛查与预防护理。2026年初完成超370万美元 pre-s,长寿科技/生物医药,女性精准健康
Gardia,,医疗健康,健康监测,未标注,技术服务商,,海外,德国健康科技公司（microsynetics GmbH），提供无需智能手机的 AI 跌倒检测腕带与移动应急系统，自动检测老年人跌倒并触发救援。2026年2月完成,智能硬件/辅具,跌倒检测/紧急呼叫
Ceresti,,养老服务;医疗健康;智能科技,居家护理;照护系统;认知症,未标注,服务商,,海外,为认知症（痴呆）患者家庭照护者提供支持的平台，结合 GUIDE 模式提供培训、协调与远程指导。2025年8月完成1170万美元融资（计划1500万）。,认知健康,认知症照护支持
Sukoon Unlimited,,文娱社交;精神健康,心理健康服务;文娱,未标注,服务商,,海外,印度 AgeTech 初创，以社区驱动模式对抗老年人孤独，提供陪伴与活动服务。2025年1月完成43万美元融资。,养老照护平台,老年社交/孤独干预
Hera,,养老服务;智能科技;金融保险,产业资本;护理平台;照护系统,未标注,技术服务商,,海外,AI 驱动的护理协调平台，帮助养老运营商整合居民安全、护理计划、人员排班与应急响应。2026年6月完成2700万美元A轮，显示资本对“技术赋能型养老照护”的信心,养老照护平台,护理协调平台
Aerska,,医疗健康;精神健康,心理健康服务;认知症,未标注,服务商,,海外,生物科技公司，利用“脑 shuttle”技术将 RNA 药物系统性递送至大脑，开发针对阿尔茨海默病等 CNS 疾病的治疗手段。2026年2月完成3900万美元A,长寿科技/生物医药,神经退行性疾病药物
Herself Health,,医疗健康;金融保险,产业资本;女性健康服务,未标注,服务商,,海外,面向 65 岁以上、参加 Medicare 的女性提供进阶初级医疗服务的医疗科技公司，关注老年女性的特异性健康需求。融资金额未公开核实。,健康管理,老年女性初级医疗
Altek Corporation,华晶科技,养老服务,智慧养老,未标注,技术服务商,,海外,台湾上市影像科技公司（TSEC:3059），在 CES 2026 推出专为机构养老安全设计的 AI Vision Care System，协助机构监测与预防长者,智能硬件/辅具,AI视觉照护
银河通用机器人,银河通用,智能科技,AI科技;机器人,未标注,服务商,,国内,中国具身智能头部企业（Galbot），聚焦通用具身智能大模型与机器人，向康养、工业、家庭等多场景延伸。2026年3月完成25亿元新一轮融资，估值突破200亿元，,养老机器人,具身智能通用平台
自变量机器人,自变量,智能科技,AI科技;机器人,未标注,技术服务商,,国内,深圳具身智能企业，聚焦“通用具身智能大模型”研发，采用保洁—家庭—养老三级渗透策略切入养老场景。2026年两个多月内连续完成 B/B+/B++/C 四轮融资，累,养老机器人,通用具身智能大模型
新双派,新双派,养老服务;消费品,智能硬件;适老化,未标注,技术服务商,,国内,专注智能助行轮椅的银发硬件公司，主打碳纤维一体压铸智能助行轮椅，支持免弯腰自动折叠，兼顾轻量化与智能化，曾获美国 MUSE 设计金奖，走高端差异化路线。本轮融资,智能硬件/辅具,智能轮椅/助行
智医向量机器人,智医向量,智能科技,AI科技,未标注,技术服务商,,国内,专注为医疗机构提供人工智能解决方案的企业，产品包括 AI 辅助诊断、对话机器人及数字孪生医生等，旨在通过 AI 提升医疗健康领域的效率与可及性。,养老机器人,医疗AI解决方案
浙江人形机器人创新中心,浙江人形机器人创新中心,智能科技,机器人,未标注,服务商,,国内,主攻拟人化交互的人形机器人创新中心，适配老年人使用习惯，探索人形机器人在康养领域的实际应用，是浙江省布局康养机器人方向的重要载体。,养老机器人,人形机器人康养应用
AvevoRx,,养老服务,居家护理,未标注,服务商,,海外,居家专科输液药房服务，为患者在家提供输液药物与治疗履约。,其他,居家/上门护理（家庭医疗履约）
Complete Care Management Services,,养老服务,居家护理,未标注,服务商,,海外,基于价值的居家协调照护管理、过渡期照护、再住院率降低项目。,其他,居家/上门护理
Anytime Home Care,,养老服务,居家护理,未标注,服务商,,海外,提供陪伴、个人护理、生活协助、备餐、家务等非医疗居家照护。,其他,居家/上门护理
Pansy Homecare,,养老服务;医疗健康,居家护理;认知症,未标注,服务商,,海外,以私人付费为主的居家照护机构，专注家庭场景下的失智症（dementia）照护。,其他,居家/上门护理
BrightStar Care,,养老服务,居家护理,未标注,服务商,,海外,"提供个人居家照护、补充性护理人员派遣及家庭医疗服务，网络逾15,000名照护者。",其他,居家/上门护理
HomeWell Franchising,,养老服务,居家护理,未标注,服务商,,海外,为老年人及居家不便者提供个人护理、陪伴与家务服务的居家护理特许经营体系。,其他,居家/上门护理
Sodalis Senior Living,,养老服务;医疗健康,养老社区;认知症,未标注,服务商,,海外,个性化辅助生活与记忆照护运营商，旗下23个社区覆盖德州、佛州、乔治亚，含早期痴呆Bridges项目。,养老服务,养老社区
Nano Hearing Aids,,养老服务,适老化,未标注,服务商,,海外,面向轻中度听力损失的OTC（非处方）助听器品牌，DTC直达消费者销售。,辅具器械,辅具器械
IntellaTriage,,医疗健康,临终关怀;健康监测,未标注,服务商,,海外,为居家医疗与安宁疗护机构提供护士主导的全天候分诊与看护解决方案。,数字健康,监护科技
White Orchid Hospice,,医疗健康,临终关怀,未标注,服务商,,海外,覆盖休斯顿、科珀斯克里斯蒂、圣安东尼奥的安宁疗护与缓和医疗提供商。,其他,安宁疗护/临终
HealthFlex Hospice,,医疗健康,临终关怀,未标注,服务商,,海外,提供居家医疗与安宁疗护等上门健康服务。,其他,安宁疗护/临终
Seraphina Therapeutics (fatty15),,消费品;食品营养,日用;营养食品,未标注,服务商,,海外,DTC长寿营养补充剂fatty15（C15:0必需脂肪酸）开发商，主打健康老龄化。,老年消费,老年健康消费
Teton.ai,,医疗健康;智能科技;消费品,AI科技;健康监测;智能硬件,B2B,技术服务商,,海外,丹麦AI医疗公司，通过计算机视觉与传感器预测老年护理场景中的跌倒与健康衰退风险，帮助养老机构从被动响应转向主动预防。,健康服务,摔倒监测
Lizzy Care,,养老服务;医疗健康,养老机构;认知症,B2B+B2C,平台,,海外,美国家庭痴呆症居家照护协调平台，连接专业照护团队、家属与资源，提供远程照护协调与个性化健康教育。,失智老人赛道,照护机构
Zingage,,养老服务;智能科技,AI科技;专业护理,B2B,技术服务商,,海外,纽约AI居家护理交付平台，自动化排班、调度与报销流程，帮助居家护理机构提升运营效率与覆盖率。,养老服务,专业级护理
Gladys,,养老服务;智能科技,AI科技;专业护理,B2B,技术服务商,,海外,英国AI居家护理技术平台，旨在通过技术改善英国破碎的居家照护体系，优化护理人员调度与服务质量。,养老服务,专业级护理
Janus Living,,养老服务;金融保险,产业资本;养老社区,未标注,服务商,,海外,美国养老地产纯Play REIT，由Healthpeak注入34个养老社区组合，2026年申报美股IPO，目标估值约50亿美元。,养老地产,运营商
Healthpeak Properties,,养老服务,养老社区,未标注,服务商,,海外,美国医疗地产REIT，将34个社区、约1万套养老住房组合注入新设的Janus Living并以RIDEA结构分拆为纯Play上市养老地产REIT。,养老地产,运营商
The Care Team,,医疗健康,临终关怀,B2B,服务商,,海外,美国临终关怀与缓和医疗提供商，2025年在Revelstoke Capital支持下连续收购Traditions Health等资产，扩张至伊利诺伊、印第安纳、,养老服务,临终关怀
VitalCaring,,医疗健康,临终关怀,B2B,服务商,,海外,美国家庭健康、临终关怀与缓和医疗运营商，2025年12月收购Traditions Health的家居健康与临终关怀业务，行业并购整合加速的代表。,养老服务,临终关怀
ECP,,智能科技,照护系统,B2B,服务商,,海外,密尔沃基辅助生活专用软件龙头，2025年12月完成数亿美元成长融资，加速AI与按效付费(value-based care)能力建设。,适老化改造,智慧养老软件
Biopeak,,智能科技,长寿科技,B2B+B2C,服务商,,海外,长寿诊所运营商，2026年1月获270万美元融资，用于开设新诊所、强化诊断能力与 proprietary AI，主打整合式长寿医学服务。,医疗健康,长寿诊所
Blue Longevity Clinic,,智能科技,长寿科技,B2B+B2C,服务商,线下,海外,欧洲长寿医学诊所，2025年获200万欧元融资，计划于希腊、土耳其、保加利亚新开诊所，结合线下诊疗与数字健康。,医疗健康,长寿诊所
LegUp,,养老服务,护理平台,B2B+B2C,平台,,海外,印度照护科技平台，连接现代家庭与可信照护人员，2025年2月获Bluebridge Capital 2000万卢比(约25万美元) pre-seed融资。,养老照护,居家照护平台
BrainCheck,,医疗健康;智能科技,AI科技;认知症,B2B,服务商,,海外,数字认知评估与照护平台，2026年2月追加1300万美元Series A，用AI辅助早期痴呆/认知障碍筛查，帮助医疗系统规模化早筛。,失智老人赛道,病情早筛
Sonida Senior Living,,养老服务,养老社区,未标注,平台,,海外,美国大型纯Play养老社区业主-运营商，运营独立生活、辅助生活与记忆照护社区，纽交所上市(代码SNDA)，2025全年业绩稳健。,养老地产,运营商
Cadence,,医疗健康;智能科技,AI科技;慢病管理,B2B,技术服务商,,海外,临床AI公司，用AI护理模型管理老年慢病，2026年6月获1亿美元Series C，被全美领先医疗系统采用，对标按效付费(value-based)慢病管理。,健康服务,慢病管理
Enzo Health,,养老服务;医疗健康;智能科技,AI科技;专业护理;临终关怀,B2B,技术服务商,,海外,开发AI工作流工具，自动完成患者接入与病历审核等任务，面向家居健康与临终关怀机构，2025年获2000万美元Series A(N47领投)。,养老服务,专业级护理
Avaí Bio,,智能科技,长寿科技,未标注,制造商(药),,海外,长寿生物科技公司(原Avant Technologies，2026年2月更名为Avaí Bio，OTCQB:AVAI)，推进两项针对糖尿病与年龄相关疾病的细胞治,医疗健康,长寿科技
Validose,,医疗健康,慢病管理,B2B,技术服务商,,海外,精准给药(precision medication delivery)公司，2025年2月获200万美元pre-seed，解决临床试验与慢病用药依从性难题。,健康服务,慢病管理
PillSafe,,消费品,智能硬件,B2B+B2C,服务商,,海外,无线用药依从性系统公司，2026年3月获种子轮融资，瞄准庞大的非依从性用药市场，提供智能药盒+远程监护。,养老用品,智能用品
SilverAssist,,养老服务,护理平台,B2B,服务商,,海外,养老生活推荐聚合平台，2026年1月收购Caring.com，整合行业领先的推荐网络，加速全国触达与运营商连接，颠覆按线索付费的聚合模式。,养老照护,居家照护匹配
国民养老保险,国民养老保险,金融保险,保险科技,B2B+B2C,服务商,,国内,国内专业养老保险公司，由17家产业与金融股东共同出资设立，聚焦养老保险、养老理财与第三支柱养老金融，是养老金融高质量发展方案下的代表性持牌机构。,养老金融,保险科技
Welltower,Welltower｜医疗地产信托,金融保险,产业资本,未标注,制造商(消费品),,海外,全球最大医疗地产信托(REIT)，纽交所代码 WELL，专注养老社区、医疗办公楼与长期急症护理地产的持有与运营，是美国'银发地产'赛道的定价锚。,养老地产,医疗地产信托(REIT)
Ventas,Ventas｜医疗REIT,金融保险,产业资本,未标注,平台,,海外,美国老牌医疗地产信托(REIT)，纽交所代码 VTR，资产覆盖养老社区、医疗办公楼与生物实验室，是养老地产证券化另一龙头。,养老地产,医疗地产信托(REIT)
Omega Healthcare Investors,Omega 医疗投资者,金融保险,产业资本,未标注,服务商,,海外,专注 skilled nursing(专业护理院)与长期急症医院的医疗 REIT，纽交所代码 OHI，是美国护理院地产最大持有人之一。,养老地产,护理院REIT
CareTrust REIT,CareTrust REIT,金融保险,产业资本,未标注,平台,,海外,专注养老社区与医疗地产的 REIT，纳斯达克代码 CTRE，2014 年从 Ensign Group 分拆，以高出租率与稳健派息著称。,养老地产,养老地产REIT
Option Care Health,Option Care 健康,养老服务,居家护理,B2B+B2C,服务商,,海外,美国最大独立居家输液与专科药房服务商，纳斯达克代码 OPCH，为慢病与复杂用药患者提供上门输液治疗。,健康服务,居家输液/药房
The Ensign Group,Ensign 集团,养老服务;金融保险,产业资本;养老机构,未标注,服务商,,海外,美国西部领先的专业护理院与康复服务商，纳斯达克代码 ENSG，并分拆出 CareTrust REIT 与 Pennant Group。,养老服务,护理院运营商
National Health Investors,国家医疗投资者,金融保险,产业资本,未标注,服务商,,海外,专注养老社区与医疗地产的 REIT，纽交所代码 NHI，以稳健租约与运营商合作伙伴关系著称。,养老地产,医疗REIT
Sabra Health Care REIT,Sabra 医疗REIT,养老服务;金融保险,产业资本;养老机构,未标注,平台,,海外,专注 skilled nursing 与养老社区的医疗 REIT，纳斯达克代码 SBRA，2010 年从 Sun Healthcare 分拆。,养老地产,护理院REIT
LTC Properties,LTC 地产,金融保险,产业资本,未标注,服务商,,海外,专注养老社区与护理院的 REIT，纽交所代码 LTC，成立于 1992 年，以组合多元化著称。,养老地产,养老地产REIT
Healthcare Realty Trust,医疗地产信托,金融保险,产业资本,未标注,服务商,,海外,专注医疗办公楼( Medical Office Building)的 REIT，纽交所代码 HR，2022 年与 Healthcare Trust of Ame,养老地产,医疗办公楼REIT
AdaptHealth,AdaptHealth,医疗健康,健康监测;医疗器械,B2B+B2C,制造商(硬件/设备),,海外,美国领先家用医疗设备(HME)与服务商，纳斯达克代码 AHCO，提供呼吸机、氧气、营养与行动辅助等上门服务。,健康服务,家用医疗设备(HME)
Medical Properties Trust,医疗地产信托(MPT),金融保险,产业资本,未标注,服务商,,海外,专注医院地产的 REIT，纽交所代码 MPW，曾为全球最大医院房东之一；近年因租户 Steward 破产陷入动荡，是 REIT 风险案例。,养老地产,医院REIT
Diversified Healthcare Trust,多元医疗信托,金融保险,产业资本,未标注,平台,,海外,拥有医疗办公楼与养老社区的 REIT，纳斯达克代码 DHC，资产覆盖美国多州。,养老地产,医疗/办公REIT
Cera,Cera｜英国居家医疗AI,医疗健康;金融保险,产业资本;远程医疗,B2B+B2C,技术服务商,,海外,英国最大数字化居家医疗提供商，伦敦创立(2016)，以 AI 平台调度护工、远程监测与远程医疗，累计融资约 4.21 亿美元（含 2025-01 与 2026-,养老照护平台,居家医疗AI平台
Clariane,Clariane（原 Korian）,养老服务,养老社区,未标注,服务商,,海外,欧洲领先的依赖人群照护设施私营运营商（原 Korian，2023 年更名 Clariane），泛欧证交所上市，2024 年营收约 52.82 亿欧元，养老院业务,养老服务,养老社区运营商
Emeis (Orpea),Emeis（原 Orpea）,养老服务,养老社区,未标注,制造商(消费品),,海外,欧洲养老院巨头，原 Orpea，2023 年财务丑闻后更名 Emeis 并推进'重生'重组；2023 年营收同比增长 11%，泛欧证交所上市。,养老服务,养老社区运营商
BioAge Labs,BioAge Labs｜长寿科技,智能科技;金融保险,产业资本;长寿科技,B2B,投资机构,,海外,长寿与代谢衰老疗法公司，纳斯达克代码 BIOA，2024-09 IPO 募资 1.98 亿美元；核心管线 azelaprag 与 GLP-1 联用减重。,长寿科技/生物医药,抗衰老药物
Calico,Calico｜Alphabet 长寿实验室,智能科技,长寿科技,未标注,制造商(药),,海外,Alphabet(谷歌)旗下长寿研究实验室，2013 年由 Art Levinson 领衔创立，研究衰老生物学与延长健康寿命，资源雄厚但未上市。,长寿科技/生物医药,衰老研究
Unity Biotechnology,Unity 生物科技,智能科技,长寿科技,B2B,投资机构,,海外,衰老细胞清除(senolytics)疗法公司，纳斯达克代码 UBX，聚焦眼科与肌肉骨骼衰老疾病。,长寿科技/生物医药,抗衰老药物
Benesse,Benesse｜倍乐生,文娱社交;金融保险,产业资本;教育,B2B+B2C,服务商,,海外,日本教育与原日生(老年照护)集团，东京证交所上市，业务横跨儿童教育与高龄者照护(护理规划中心、养老住宅)。,养老服务,教育+养老
Nichii Gakkan,日医学馆,养老服务;金融保险,产业资本;居家护理,B2C,服务商,,海外,日本大型居家护理与医疗服务集团，东京证交所上市，提供访视护理、照护管理与健康服务。,养老照护,居家照护
Stannah,Stannah｜楼梯升降,养老服务,适老化改造,B2C,制造商(硬件/设备),,海外,英国老牌适老化硬件家族企业(创立 1862)，主营楼梯升降椅( stairlift)与家用无障碍升降设备，助力原居安老。,适老科技,适老硬件
Doro,Doro｜老人手机,养老服务,适老化改造,B2C,制造商(硬件/设备),,海外,瑞典斯德哥尔摩证交所上市公司，专注老年人简易手机、紧急呼叫与远程看护(telecare)设备。,适老科技,适老硬件
Essity,Essity｜添宁母公司,养老服务,专业护理,B2B+B2C,服务商,,海外,瑞典卫生与健康上市公司(斯德哥尔摩证交所)，旗下 TENA(添宁)为全球失禁护理领导品牌，2017 年从 SCA 分拆。,养老用品,失禁护理
Callie Care,Callie Care｜语音AI照护,养老服务,智慧养老,B2B+B2C,技术服务商,,海外,特拉华州 AgeTech 初创(2026)，打造'电话优先'的主动式语音 AI，每天呼叫老人以对抗孤独、处理日常需求并连接家属。,养老照护平台,语音AI
Front Porch,Front Porch｜CCRC,养老服务,养老社区,未标注,服务商,,海外,美国加州非营利养老运营商(1999)，运营持续照料退休社区(CCRC)与活跃长者社区，并设创新实验室研究老龄化。,养老服务,持续照料社区(CCRC)
Visiting Angels,Visiting Angels｜上门照护加盟,养老服务,居家护理,B2C,服务商,,海外,美国大型非医疗居家照护加盟网络(1992)，遍布数百个 franchise 网点，提供陪伴、个人护理与家务协助。,养老照护,居家照护加盟
Catalia Health,Catalia 健康,医疗健康;智能科技,AI科技;慢病管理,B2B+B2C,技术服务商,,海外,AI 患者参与与慢病管理公司(2014)，旗舰产品 Mabu 机器人+Care Insights 平台，陪伴慢病老人并推动用药依从。,养老照护平台,AI慢病管理
Uniper,Uniper｜抗孤独虚拟互动,文娱社交;精神健康,心理健康服务;文娱,B2B+B2C,平台,,海外,面向长者的虚拟互动平台(2015)，提供视频问诊、直播活动与录播课程以对抗孤独、促进身心参与。,老年文娱,社交隔离干预
Rylo,,消费品,助听器,B2B+B2C,技术服务商,,海外,面向耳聋与重听人群（美国约4800万）的AI通信平台，提供实时字幕、转录与呼叫辅助。2026年6月完成8500万美元融资用于产品与用户扩张。,智能硬件,听觉辅具
Neurable,,养老服务,智慧养老,B2C,服务商,,海外,消费级脑机接口（BCI）公司，将日常脑电监测与AI结合，做认知健康消费产品（如头戴设备）。2025年12月完成3500万美元A轮。,认知健康,脑机接口
IO Health,,医疗健康,临终关怀,B2B,技术服务商,,海外,面向临终关怀（hospice）与家庭健康的AI初创公司，用AI简化临床文档与运营。2025年10月完成200万美元种子轮（Nina Capital领投）。,健康服务,安宁疗护AI
Optain Health,,消费品,眼镜,B2B,技术服务商,,海外,将AI、机器人视网膜成像与远程眼科结合，通过视网膜影像（oculomics）筛查眼疾与全身健康风险。2025年9月完成2600万美元A轮（Insight Par,健康服务,视觉健康
Lumata Health,,医疗健康;消费品,慢病管理;眼镜,B2B,服务商,,海外,通过AI与患者参与平台提升视力保护（vision-saving）治疗的依从性与可及性，已对接全美大型眼科网络。2025年3月完成2300万美元B轮。,健康服务,视觉健康
Age Care Labs,,养老服务,居家护理;护理平台,B2B+B2C,服务商,,海外,印度居家养老平台，运营Emoha与Epoch Elder Care两大品牌，提供居家与机构照护服务。2026年7月完成900万美元B1轮增长融资（Shrem G,养老服务,居家照护平台
Uresta,,养老服务;医疗健康,专业护理;女性健康服务,B2B+B2C,服务商,,海外,加拿大女性健康公司，提供无需手术/吸收用品的压力性尿失禁（SUI）物理装置。2025年3月完成300万美元融资（BDC Capital领投150万）用于美国拓展,健康服务,失禁护理
CareFlick,,智能科技,照护系统,B2B,服务商,,海外,面向老年照护的领先照护管理平台，提供个性化治疗、活动与协调工具，实现高效且可负担的照护。已获早期融资（AgeTechX收录）。,养老服务,照护管理平台
Ubie,,智能科技,AI科技,B2B+B2C,技术服务商,,海外,日本医疗科技初创，用AI引导用户到合适医疗服务（“用技术将人导向恰当医疗”），提供症状检查与分诊平台，并拓展养老与慢病场景。,健康服务,医疗导航AI
极壳科技,极壳科技,康复辅具;消费品,外骨骼;智能硬件,B2B+B2C,服务商,,国内,消费级外骨骼与助力机器人公司（Hypershell），将工业/户外助力技术向康复与老年助行延伸。2025年完成7000万美元融资。,康复设备,外骨骼
蓓明医疗,蓓明医疗,养老服务;医疗健康,康复医疗;智慧养老,B2B,制造商(硬件/设备),,国内,脑控功能性电刺激（BCI-FES）康复设备公司，高密度矩阵式FES可实现单根手指精细化独立控制，让偏瘫患者用“意念”驱动手指活动。2025年亮相济南银发经济项目,医疗健康,脑机接口康复
兴业控股,兴业控股,养老服务;金融保险,产业资本;养老社区,B2B+B2C,服务商,,国内,港股上市公司（0132.HK），以医养结合为核心扩张养老业务版图，2026年中标的广东郁南养老服务项目标志其走出佛山大本营。银发经济“十五五”规划纲要下加速布局,养老服务,运营商
太医管家,太医管家,医疗健康,远程医疗,B2B+B2C,平台,,国内,以家庭医生为入口的一站式管理式医疗服务平台，汇集优质医疗资源满足用户健康管理需求。获9.2亿元战略轮融资（上海国际资管等参与）。,健康服务,家庭医生平台
深睿医疗,深睿医疗,养老服务,智慧养老,B2B,技术服务商,,国内,将AI引入医疗全流程（影像诊断、临床决策）的医疗人工智能企业，覆盖医疗机构与居民健康场景。2024-2025年获近5亿元投资。,医疗健康,AI医疗
杭州微脉,杭州微脉,医疗健康,慢病管理,B2B+B2C,平台,,国内,基于阿里云基础设施的SaaS医疗与健康平台，提供全流程就医管理与慢病/健康管理服务，依赖区域医疗网络（江浙沪）。,健康服务,慢病管理SaaS
傲意科技,傲意科技,养老服务;精神健康,心理健康服务;智慧养老,B2B,制造商(硬件/设备),,国内,脑机接口（BCI）与智能神经康复企业，涉足人体感知缺失康复、智能神经康复训练，与多家医疗机构合作。,医疗健康,脑机接口
星尘智能,星尘智能,智能科技,AI科技;机器人,B2B,服务商,,国内,开发Astribot S1等人形机器人，具备自然对话、灵活感知与操作能力，应用场景涵盖医护、教育、娱乐等。获资本多轮加注。,养老机器人,人形机器人
松延动力,松延动力,智能科技,AI科技;机器人,B2B,服务商,,国内,通用人形机器人与具身智能公司，曾与顶流网红合跳“斧头舞”出圈，获英诺天使等机构投资，探索家庭陪护等场景。,养老机器人,人形机器人
白马星球,白马星球,文娱社交;智能科技,旅游;照护系统,B2B+B2C,平台,,国内,通过整合健康管理、生活照料、教育培训、休闲旅游等资源，构建全方位养老服务生态系统，解决养老服务商资源分散、缺乏规模效应问题。,养老照护平台,智慧平台
锋物科技,锋物科技,智能科技,照护系统,B2B,技术服务商,,国内,通过AI智慧运营平台赋能智慧养老与物业资管领域，打通社区居家养老服务链路。,适老科技,智慧运营平台
乐湾养老,乐湾养老,智能科技,数字化,B2B,平台,,国内,通过平台深度结合物联网技术，为老年人提供定位预警、健康管理、环境监测等服务。,智慧养老,IoT平台
中科华意,中科华意,养老服务;医疗健康;精神健康,康复医疗;心理健康服务;智慧养老;认知症,B2B,制造商(硬件/设备),,国内,以无创神经调控为核心技术，基于无创电刺激脑机接口控制方法，提供多参数脑认知障碍检测与神经反馈运动训练。,医疗健康,神经调控
阶梯医疗,阶梯医疗,养老服务,智慧养老,B2B,制造商(硬件/设备),,国内,植入式脑机接口（BCI）公司，研发用于神经系统疾病治疗与监测的植入电极系统，涉足神经疾病病灶监测及调控。,医疗健康,脑机接口
宸汐健康,宸汐健康,医疗健康;金融保险,保险;健康管理,B2B+B2C,平台,,国内,构建管理式健康服务平台，整合医院、患者与保险公司等主体，实现全产业链融合的健康管理服务。,健康服务,管理式健康
智医慧云,智医慧云,文娱社交,咨询研究,B2B,制造商(药),,国内,通过数字营销服务连接制药公司与各大医疗平台，提供药企边界服务与渠道链接。,健康服务,数字营销
泉智博,泉智博,智能科技,机器人,B2B,服务商,,国内,机器人一体化关节模组解决方案提供商，2025年关节模组年出货量突破10万台，与乐聚机器人、松延动力等多家本体企业合作。2026年4月完成数亿元A++轮（深投控领,智能硬件,机器人关节模组
海每康医疗,海每康医疗,医疗健康,康复医疗,B2B,制造商(硬件/设备),,国内,涉足人体感知缺失康复、感知觉修复等神经康复领域的医疗企业。,医疗健康,康复
纽聆氪医疗,纽聆氪医疗,医疗健康,康复医疗,B2B,制造商(硬件/设备),,国内,涉足神经疾病病灶监测及调控等康复医疗领域的企业。,医疗健康,康复
博芮健,博芮健,医疗健康,认知症,B2B,服务商,,国内,研发阿尔茨海默病治疗药物的生物科技公司，通过数智治疗手段切入认知症治疗。,长寿科技/生物医药,阿尔茨海默药
Audicus,,消费品,助听器,B2C,服务商,,海外,直接面向消费者的在线助听器公司，提供平价、可自调的助听器与听力测试，降低老年听力障碍干预门槛。,智能硬件,听觉辅具
Lexie Hearing,,消费品,助听器,B2C,服务商,线上,海外,由WS Audiology支持的DTC助听器品牌，提供APP自助验配与远程听力专家服务，面向轻中度听损老人。,智能硬件,听觉辅具
Audien,,消费品,助听器,B2C,服务商,线上,海外,主打极致平价的自验配助听器品牌，面向预算敏感老年听损人群，通过电商直售。,智能硬件,听觉辅具
Olive Union,,消费品,助听器,B2C,制造商(硬件/设备),,海外,消费级智能耳塞/助听器公司，将听力增强做成时尚可穿戴，降低老年用户佩戴 stigma。,智能硬件,听觉辅具
Earlens,,消费品,助听器,B2B+B2C,技术服务商,,海外,采用光传导（light-based）技术的差异化助听器公司，解决传统气导助听器音质瓶颈，面向中重度听损。,智能硬件,听觉辅具
IrisVision,,消费品,眼镜,B2B+B2C,服务商,,海外,通过AR头显为黄斑变性等低视力老人提供视觉增强，放大并提升剩余视力，改善独立生活能力。,智能硬件,视觉障碍
eSight,,消费品,眼镜,B2C,服务商,,海外,低视力电子眼镜公司，用高清晰摄像头与显示屏为法定盲人/低视力者提供实时视觉增强。,智能硬件,视觉障碍
NuEyes,,消费品,眼镜,B2C,技术服务商,,海外,推出轻量AI智能眼镜，为低视力与阅读困难的老人提供放大、对比增强与文字识别。,智能硬件,视觉障碍
WHILL,,养老服务;消费品,智能硬件;适老化,B2B+B2C,制造商(硬件/设备),,海外,日本个人出行（personal mobility）公司，推出造型时尚、操控灵活的个人电动移动设备，提升老人户外自主出行。,康复设备,智能轮椅
Permobil,,养老服务,适老化,B2B,服务商,,海外,全球动力轮椅与坐姿支撑系统龙头（Investor AB体系），深度服务重度行动障碍与老年人群。,康复设备,智能轮椅
Sunrise Medical,,养老服务;消费品,智能硬件;适老化,B2B,服务商,,海外,全球轮椅与移动辅具巨头，提供手动/动力轮椅、轻量化出行方案，覆盖老年与残障人群。,康复设备,智能轮椅
ReWalk Robotics,,康复辅具;消费品,外骨骼;智能硬件,B2B,服务商,,海外,上市外骨骼机器人公司（NASDAQ:RWLK），为脊髓损伤与卒中后行走障碍提供医用/家用外骨骼康复系统。,康复设备,外骨骼
Ekso Bionics,,康复辅具;消费品,外骨骼;智能硬件,B2B,服务商,,海外,上市外骨骼机器人公司（NASDAQ:EKSO），为卒中与神经损伤患者提供临床级步态康复外骨骼。,康复设备,外骨骼
MindMate,,医疗健康,认知症;认知训练,B2C,服务商,线上,海外,面向认知障碍与早期痴呆的APP，提供脑力训练、记忆游戏与日常提醒，延缓认知衰退。,认知健康,认知训练
Constant Therapy,,医疗健康;精神健康,康复医疗;心理健康服务,B2B+B2C,服务商,,海外,提供基于证据的神经康复（言语、语言、认知）个性化训练平台，用于卒中与脑损伤后恢复。,认知健康,神经康复
HappyNeuron Pro,,医疗健康,认知症;认知训练,B2B,服务商,,海外,面向临床与治疗师的专业认知训练平台，提供标准化大脑训练项目用于老年认知康复。,认知健康,认知训练
CogniFit,,医疗健康,认知症,B2B+B2C,平台,,海外,认知评估与脑训练平台，提供标准化认知测评与个性化训练，用于老年认知健康监测。,认知健康,认知评估
Dakim,,医疗健康,认知症;认知训练,B2B+B2C,服务商,,海外,早期老年认知训练公司，提供大屏触摸式脑健康活动，用于养老社区与家庭认知刺激。,认知健康,认知训练
BrainHQ,,医疗健康,认知症;认知训练,B2B+B2C,服务商,,海外,Posit Science出品的循证脑训练平台，多项研究支持其改善老年认知处理速度。,认知健康,认知训练
The Joy Club,,文娱社交,文娱,B2C,服务商,线下,海外,英国面向50+人群的会员制俱乐部，组织线下活动、课程与社群，对抗老年孤独。,老年文娱,会员俱乐部
WellSky,,智能科技,照护系统,B2B,服务商,,海外,post-acute与家庭护理领域头部SaaS与数据分析平台，连接机构、支付方与家庭，优化照护交付。,养老服务,照护运营SaaS
AlayaCare,,养老服务;智能科技,居家护理;照护系统,B2B,服务商,,海外,加拿大居家与社区护理SaaS平台，整合临床、排班、远程监测与家庭端，提升居家养老运营效率。,养老服务,居家照护SaaS
CareMerge,,智能科技,照护系统,B2B,平台,,海外,面向养老社区与Life Plan社区的运营平台，打通居民参与、家庭沟通与合规文档。,养老照护平台,养老机构SaaS
OnShift,,智能科技,照护系统,B2B,服务商,,海外,面向老年护理与长期照护机构的人力资源与排班SaaS，缓解照护人力短缺。,养老服务,人力资源SaaS
ClearCare,,养老服务;智能科技,居家护理;照护系统,B2B,服务商,,海外,家庭护理机构运营SaaS（已被WellSky收购），提供排班、计费与家庭门户。,养老服务,居家照护SaaS
Medflyt,,养老服务;智能科技,居家护理;护理平台;照护系统,B2B,服务商,,海外,面向家庭护理机构的排班与合规自动化平台，连接护理员与班次需求。,养老服务,居家照护匹配
CareJoy,,养老服务,居家护理,B2B,服务商,,海外,家庭护理机构运营平台，提供排班、计费、合规与家庭沟通一体化方案。,养老服务,居家照护运营
Hometeam,,养老服务;消费品,居家护理;智能硬件,B2B+B2C,平台,线上,海外,将技术平台与人力结合的家庭护理公司，用自研APP提升护理协调与家属可视性。,养老服务,居家照护
Clover Health,,金融保险,产业资本;保险,B2B+B2C,服务商,,海外,以技术驱动的Medicare Advantage健康险公司（NASDAQ:CLOV），用Clover Assistant赋能医生决策。,养老金融,医疗保险计划
Alignment Health,,金融保险,产业资本;保险,B2B+B2C,服务商,,海外,以人为中心的Medicare Advantage健康险公司（NASDAQ:ALHC），强调慢病管理与个性化照护。,养老金融,医疗保险计划
CareMax,,金融保险,保险,B2B+B2C,服务商,,海外,为Medicare受益人与复杂慢病人群提供综合医疗与养老关怀服务的上市公司（NASDAQ:CMAX）。,养老金融,医疗保险+诊所
Retro Biosciences,,智能科技,长寿科技,B2B,制造商(药),,海外,长寿生物科技公司，聚焦细胞重编程（ reprogramming）延长健康寿命，2023年完成1.8亿美元融资。,长寿科技/生物医药,细胞重编程
Life Biosciences,,智能科技,长寿科技,B2B,制造商(药),,海外,专注衰老干预（包括休眠神经元重激活等）的长寿生物科技公司，曾获多轮融资。,长寿科技/生物医药,衰老干预
Idoven,,医疗健康,健康监测,B2B+B2C,技术服务商,,海外,用AI解读心电图的可穿戴心电监测公司，提前发现房颤等老年高发心血管风险。,长寿科技/生物医药,AI心电
InsideTracker,,医疗健康;智能科技,健康监测;长寿科技,B2C,服务商,,海外,通过血液生物标志物+AI提供个性化健康与长寿建议的消费级平台。,长寿科技/生物医药,血液生物标志
Function Health,,医疗健康;智能科技,健康监测;长寿科技,B2C,服务商,,海外,提供100+项指标年度体检与趋势追踪的会员制健康平台，面向 longevity 人群。,长寿科技/生物医药,全面体检
Prenuvo,,医疗健康;智能科技,健康监测;长寿科技,B2C,服务商,,海外,提供30分钟无痛全身MRI早筛的连锁服务，面向高支付力健康与长寿人群。,长寿科技/生物医药,全身MRI
Elysium Health,,智能科技;食品营养,营养食品;长寿科技,B2C,服务商,,海外,将长寿科研转化为消费级补剂（如NAD+前体Basis）的公司，与MIT等研究机构合作。,长寿科技/生物医药,补剂
Peppy,,医疗健康,女性健康服务,B2B,服务商,,海外,英国雇主更年期与女性健康福利平台，为职场女性提供专家支持，覆盖围绝经期。,健康服务,更年期健康
Stella,,医疗健康,女性健康服务,B2B+B2C,服务商,,海外,面向更年期女性的数字健康平台，提供症状评估、专家咨询与个性化管理方案。,健康服务,更年期健康
Kinesense,,医疗健康;智能科技,AI科技;健康监测,B2B,服务商,,海外,通过AI视频分析步态与活动模式，早期预测跌倒风险，用于养老机构与医院。,健康服务,步态分析
Cartken,,智能科技,机器人,B2B,服务商,,海外,自主配送机器人公司，可将餐食、药品等送达养老机构与社区老人，缓解人力短缺。,养老机器人,配送机器人
WalkJoy,,医疗健康,健康监测,B2B+B2C,制造商(硬件/设备),,海外,通过可穿戴设备提供实时步态反馈与训练，改善老人平衡、降低跌倒风险。,康复设备,步态训练
Kraydel,,医疗健康,健康监测;远程医疗,B2B,服务商,,海外,英国养老远程监测公司，用非侵入式传感器监测老人在家安全与日常活动异常。,健康服务,远程监测
Tunstall,,医疗健康,远程医疗,B2B,服务商,,海外,英国老牌远程照护（telecare）与紧急呼叫服务商，为大量老年与脆弱人群提供24/7监测。,健康服务,远程照护
Lifted,,医疗健康;智能科技,AI科技;健康监测;远程医疗,B2B,技术服务商,,海外,英国AI养老监测公司，用非穿戴传感器识别跌倒、离床等异常并告警家属/护理方。,健康服务,远程监测
Capsule,,医疗健康,医疗器械,B2B+B2C,服务商,,海外,以技术驱动的连锁药房，提供当日送药与用药管理，便利居家老人慢病用药。,健康服务,药品配送
EllieGrid,,消费品,智能硬件,B2C,服务商,线上,海外,智能药盒公司，通过APP提醒与色彩编码帮助老人按时按量服药。,健康服务,智能药盒
PharmAdva,,消费品,智能硬件,B2B+B2C,服务商,,海外,为长期用药老人提供按次预分包（pill packaging）与配送的服务，降低错服漏服。,健康服务,用药管理
Mom's Meals,,医疗健康;食品营养,医疗器械;慢病管理;营养食品,B2B+B2C,服务商,,海外,面向慢病与居家老人的医疗定制餐食配送公司，可对接医保/医疗计划。,健康食品,病炊配送
Silver Cuisine,,食品营养,营养食品,B2C,服务商,,海外,bistroMD旗下针对50+人群的定制膳食订阅服务，按营养需求配送。,健康食品,老年膳食
Magic Kitchen,,食品营养,营养食品,B2C,服务商,,海外,提供适合老人（低脂/软食/疾病特定）的冷冻餐配送公司。,健康食品,老年膳食
Kate Farms,,食品营养,营养食品,B2B+B2C,制造商(消费品),,海外,植物基医学营养（医用营养品）公司，为吞咽/营养障碍人群提供管饲与口服营养。,健康食品,医学营养
Solace,,医疗健康;金融保险,临终关怀;健康管理;养老金融,B2B+B2C,服务商,,海外,医疗福利导航平台，帮用户梳理保险、找到合适医疗资源，含复杂慢病与临终关怀协调。,健康服务,福利导航
Butlr,,医疗健康,健康监测,B2B,技术服务商,,海外,用热传感（thermal）实现非接触式存在/跌倒/睡眠监测的AI平台，保护隐私，适用于养老场景。,适老科技,非接触传感
Lotus,,医疗健康,女性健康服务,B2B+B2C,服务商,,海外,面向女性全生命周期（含围绝经期）的数字健康公司，获1843 Capital等投资。,健康服务,女性健康
Guaranteed,,金融保险,养老金融,B2B+B2C,服务商,,海外,面向老年人的退休理财与年金咨询平台，帮助规划退休收入，获Cake Ventures投资。,养老金融,退休理财
Bright,,金融保险,养老金融,B2B+B2C,服务商,,海外,退休收入与理财规划平台，帮助临近退休人群优化储蓄与支出，获Cake Ventures投资。,养老金融,退休理财
Bluecrest,,医疗健康,健康监测,B2C,服务商,,海外,英国平价健康筛查与体检公司，为成人（含老人）提供常规指标检测与风险预警。,健康服务,健康筛查
Hometouch,,养老服务,居家护理,B2B+B2C,平台,,海外,英国居家照护平台，直接雇佣并培训护理员，提供透明定价的居家养老护理。,养老服务,居家照护
SuperCarers,,养老服务,居家护理;护理平台,B2B+B2C,服务商,,海外,英国居家照护匹配平台，连接家庭与经过审核的护理员，并提供管理工具。,养老服务,居家照护匹配
Portever,,养老服务,养老社区,B2B+B2C,平台,,海外,海外养老社区与退休生活运营商，提供持续照料退休社区（CCRC）模式。,养老地产,养老社区
Person Centred Software,,智能科技,照护系统,B2B,服务商,,海外,英国养老照护记录（mCare）SaaS，用移动端简化护理记录与合规，覆盖大量养老机构。,养老照护平台,照护记录
Mayden,,医疗健康,健康监测,B2B,服务商,,海外,英国心理健康与护理SaaS公司，提供电子健康记录系统（如iaptus），覆盖老年心理照护。,健康服务,健康记录
Oomph! Wellness,,医疗健康,健康管理,B2B,服务商,,海外,英国为养老机构提供活力康养（wellbeing）活动与训练的公司，提升入住老人身心活跃度。,老年文娱,活力康养
CareVision,,文娱社交,文娱,B2B,服务商,,海外,英国养老照护平台，提供家庭门户、护理记录与运营工具，连接机构与家属。,养老照护平台,家庭沟通
Strolll,,医疗健康;精神健康,康复医疗;心理健康服务,B2B+B2C,服务商,,海外,用增强现实（AR）眼镜为神经疾病（帕金森、卒中）患者提供居家神经康复训练，2025年3月完成1220万欧元融资。,康复设备,AR神经康复
Kaia Health,,医疗健康,康复医疗,B2B+B2C,服务商,线上,海外,数字肌肉骨骼与慢病康复APP，提供AI-guided 运动治疗，用于老年背痛与慢性疼痛管理。,康复设备,数字康复
星纵物联,星纵物联,医疗健康,健康监测,B2B,服务商,,国内,物联网传感企业（Milesight），推出LoRaWAN雷达跌倒检测传感器，用于养老机构与居家非接触式跌倒/离床监测。,智能硬件,毫米波传感
Medical Guardian,,医疗健康,健康监测,B2C,服务商,,海外,美国较大的家用医疗警报与跌倒监测服务商，提供多种紧急呼叫与活动监测方案。,养老用品,医疗警报
MobileHelp,,医疗健康,健康监测,B2C,服务商,,海外,提供带GPS的家用与移动医疗警报系统，服务居家与户外老人的紧急呼叫需求。,养老用品,医疗警报
TytoCare,,医疗健康,远程医疗,B2B+B2C,平台,,海外,提供家用远程体检设备与平台，老人可在家完成听诊、体温、耳镜等检查并连线医生。,健康服务,远程检查
九安医疗,九安医疗,医疗健康,医疗器械,B2B+B2C,服务商,,国内,国内家用医疗与健康设备企业（深交所上市），以iHealth品牌布局血压、血糖等老年健康监测与海外数字健康。,康复设备,家用医疗
可孚医疗,可孚医疗,医疗健康,健康监测;医疗器械;康复医疗,B2B+B2C,制造商(硬件/设备),,国内,国内家用医疗器械企业（深交所上市），覆盖血压计、轮椅、护理床、康复辅具等适老家用产品。,康复设备,家用医疗
钛米机器人,钛米机器人,智能科技,机器人,B2B,服务商,,国内,医疗服务机器人公司（TMiRob），产品涵盖消毒、配送、巡检等机器人，可向养老机构与医养场景延伸。,养老机器人,医疗服务机器人
LOVOT,,文娱社交;智能科技;精神健康,心理健康服务;机器人;陪伴机器人,B2C,服务商,,海外,日本Groove X出品的情感陪伴机器人，以可爱外形与交互为独居老人与家庭提供情感陪伴。,陪伴机器人,陪伴机器人
PARO,,医疗健康;智能科技,机器人;认知症,B2B,服务商,,海外,日本产海豹型治疗机器人（AIST体系），广泛用于痴呆照护机构缓解焦虑、提升情绪。,陪伴机器人,治疗机器人
Temi,,智能科技,机器人,B2B+B2C,服务商,,海外,通用室内服务机器人（以色列Roboteam），兼具移动视频陪伴与智能助手功能，可用于老人居家。,陪伴机器人,服务机器人
Trust & Will,,医疗健康,临终关怀,B2C,服务商,,海外,在线遗嘱与信托设立平台，帮助家庭便捷完成遗产与临终法律安排。,养老金融,遗产规划
Alto Pharmacy,,医疗健康,医疗器械,B2B+B2C,服务商,,海外,技术驱动的数字药房，提供送药上门与用药管理，便利慢病与老年用药。,健康服务,数字药房
EyeQue,,消费品,眼镜,B2C,服务商,,海外,提供家用视力与眼健康自测设备，帮助老人追踪视力变化。,健康服务,视力检测
Neurotrack,,医疗健康;智能科技,AI科技;认知症,B2B+B2C,平台,,海外,通过眼动（eye-tracking）进行阿尔茨海默风险早期筛查的认知健康公司。,认知健康,认知评估
乐心医疗,乐心医疗,医疗健康;金融保险,产业资本;医疗器械,B2B+B2C,服务商,,国内,国内家用医疗与健康穿戴上市公司（深交所），产品含血压计、智能手环、体脂秤等，布局慢病健康监测。,康复设备,家用医疗
三诺生物,三诺生物,医疗健康;金融保险,产业资本;医疗器械,B2B+B2C,服务商,,国内,国内血糖监测龙头上市公司（深交所），家用血糖仪与慢病管理，深度服务老年糖尿病群体。,康复设备,家用医疗
康泰医学,康泰医学,医疗健康;金融保险,产业资本;医疗器械,B2B+B2C,制造商(硬件/设备),,国内,国内医疗器械上市公司（深交所），产品含脉搏血氧、血压、心电、监护等家用与临床监测设备。,康复设备,家用医疗
达闼科技,达闼科技,智能科技,机器人,B2B,服务商,,国内,云端智能机器人公司（CloudMinds），提供云端大脑+机器人本体，服务机器人可用于养老陪护与导诊场景。,养老机器人,云端机器人
hear.com,,消费品,助听器,B2C,平台,,海外,高端助听器的DTC平台与听力中心网络，连接用户与本地听力专家完成验配。,智能硬件,听觉辅具
Amada Senior Care,,养老服务,居家护理,B2B+B2C,服务商,,海外,居家养老护理公司，以特许经营+自营结合提供个人护理、陪伴与养老咨询。,养老服务,居家照护
SCAN Health Plan,,金融保险,产业资本;保险,B2B+B2C,服务商,,海外,美国大型非营利Medicare Advantage健康计划，专注老年人群，提供MA与健康计划服务。,养老金融,医疗保险计划
翔宇医疗,翔宇医疗,医疗健康;金融保险,产业资本;康复医疗,B2B,制造商(硬件/设备),,国内,国内康复医疗器械上市公司（上交所），产品涵盖康复评定、训练与治疗设备，广泛服务于老年康复与养老机构。,康复设备,康复器械
伟思医疗,伟思医疗,医疗健康;精神健康,康复医疗;心理健康服务,B2B,制造商(硬件/设备),,国内,国内康复医疗器械上市公司（上交所），聚焦电刺激、磁刺激与康复机器人，服务于神经与盆底康复等老年相关场景。,康复设备,康复器械
Nymbl Science,,医疗健康,健康监测,B2B+B2C,服务商,线上,海外,面向老人的防跌倒平衡训练APP，通过每日简短双重任务训练改善平衡、降低跌倒风险。,康复设备,防跌倒训练
EmpowerMe Wellness,,医疗健康;文娱社交;食品营养,健康管理;健身;营养食品,B2B+B2C,服务商,,海外,为自理/辅助生活老人提供整合的预防式健康、健身与营养服务的养老运营公司。,养老服务,综合养老
Clyx,,文娱社交;精神健康,心理健康服务;文娱;社交平台,B2C,技术服务商,,海外,面向老年人的社交平台，以兴趣社群、视频连线、AI陪伴等方式对抗老年孤独。2025年9月完成1400万美元A轮融资，由Blitzscaling Ventures领,社交与精神健康,抗孤独社交平台
BetterAge,,医疗健康,健康管理,B2B+B2C,服务商,,海外,面向老年人的个性化网页端健康与福祉改善项目，用数据生成定制化健康路径。成立于2020年，纽约；获NIH/美国国家衰老研究所(NIA)550万美元资助。,健康管理与预防,个性化健康项目
EnLite Health Solutions,,医疗健康;精神健康,健康管理;心理健康服务,未标注,服务商,,海外,提供数据驱动的个性化治疗项目，覆盖成瘾、心理健康到老年照护等需求。成立于2017年，布宜诺斯艾利斯；获25万美元种子融资。,健康管理,个性化治疗平台
AIM,,养老服务,智慧养老,未标注,技术服务商,,海外,台湾AI医疗影像公司，分析既有胸部X光与CT，早期筛查老年人骨质疏松、心血管等慢性病。成立于2020年，台北；获1.25亿新台币种子融资。,智能诊断,AI医学影像
Qida,,医疗健康,健康管理,未标注,服务商,,海外,西班牙养老与医疗健康服务提供商。成立于2017年；累计融资约6000万欧元，B轮。,养老服务,综合养老/医疗
Jubo,,智能科技,AI科技;照护系统,未标注,技术服务商,,海外,台湾AI养老照护平台，连接机构与居家场景、沉淀照护数据。成立于2018年；累计融资约2350万美元，B轮。,养老服务,AI养老平台
Kuvu,,智能科技,照护系统,未标注,服务商,,海外,欧洲养老健康平台（具体业务公开信息有限）。成立于2019年；获约13.6万美元种子融资。,养老服务,养老平台
Watcherr,,医疗健康,健康监测,未标注,技术服务商,,海外,养老远程监测公司，通过传感/AI监测老人活动与安全。成立于2016年；累计融资约890万美元。,智能硬件/监测,跌倒/行为监测
Cuidum,,养老服务,居家护理;护理平台,未标注,服务商,,海外,西班牙居家照护平台，连接家庭与照护资源。成立于2015年；累计融资约190万欧元（二次市场）。,养老服务,居家照护平台
Lola Cares,,文娱社交;精神健康,心理健康服务;陪伴机器人,未标注,技术服务商,,海外,英国AI陪伴产品（Leaf AI旗下），为老年人提供对话式陪伴。成立于2023年；获25万英镑Pre-Seed融资。,社交与精神健康,AI陪伴
PointClickCare,,智能科技,照护系统,未标注,服务商,,海外,面向长期照护与急性期后护理机构的云端软件平台，打通临床、财务与运营数据。成立于1995年，加拿大；累计融资约2.97亿加元。,养老服务,长期照护SaaS
Vestwell,,金融保险,养老金融,B2B,服务商,,海外,职场养老金/退休储蓄科技平台，为企业提供自动化、合规的退休计划管理。纽约；Seedtable 2026老年护理榜评分第一（Series E）。,养老金融,退休储蓄平台
Capital Rx,,金融保险,养老金融,未标注,服务商,,海外,新一代药品福利管理(PBM)平台，以透明化技术重构处方药报销，降低自费与医保支出。纽约；Series C。,医疗支付,PBM药品福利管理
Warren,,金融保险,养老金融,未标注,服务商,,海外,比利时职场养老金平台兼财务教练服务，弥补补充养老金体系短板。2026年6月完成1000万欧元融资。,养老金融,退休储蓄平台
Pensionbox,,金融保险,养老金融,未标注,服务商,,海外,印度退休储蓄金融科技，面向国家养老金体系(NPS)提供产品与分销。2026年2月获Zerodha 200万美元投资。,养老金融,退休储蓄平台
缘和银发,北京缘和银发经济科技有限公司,文娱社交,教育;文娱,未标注,平台,,国内,2025年3月成立，定位银发产业'一体两翼'生态，旗下'缘和乐龄'教培板块上线，引入老年大学体系师资，开设书法、非遗等课程，落地北京社区试点。,银发消费/文娱,老年教育/兴趣社区
中旅好时光,中旅好时光,文娱社交,旅游,未标注,服务商,,国内,中国旅游集团旗下银发游与康养旅居专业品牌，为50岁以上人群提供'旅游+'产品，依托集团旅行/酒店/景区/邮轮全产业链优势，融合康养、文化、社交、教育。,银发消费/文娱,银发旅游/康养旅居
小诺家护,小诺家护,养老服务;医疗健康,居家护理;康复医疗;远程医疗,未标注,平台,线上,国内,茵诺医疗旗下智慧康养平台(2023年推出)，运营互联网医疗、远程康复、认知障碍早筛及干预、家庭病床、康复辅具租赁等ToC康复业务；2023年12月完成战略融资。,养老服务,居家康复/远程康复
小橙集团,小橙集团,智能科技,数字化,未标注,服务商,,国内,数字化医护养老企业，提供智能护理与居家养老服务；2023年完成近亿元融资(产业方领投、香椽资本等跟投)，同年12月再获数千万元战略融资加速数字化布局。,养老服务,数字化医护养老
脂代科技,脂代科技,食品营养,营养食品,未标注,制造商(消费品),,国内,甘油二酯油创新企业，产品主打健康油脂，销量达百万瓶、中老年顾客占比约80%；近期获超亿元融资。,银发消费/健康,老年营养/功能食品
沐之爱,沐之爱,智能科技,照护系统,未标注,平台,,国内,自主研发GBCS一体化智慧养老服务平台，以'四端协同'架构覆盖政府/机构/社区/家庭场景，提供一站式养老运营系统。,养老服务,智慧养老平台
华康岛,华康岛,养老服务,适老化改造,未标注,服务商,,国内,安徽华康岛科技有限公司旗下品牌，专注适老化改造，以'八心八养'体系提供居家适老化空间与智能硬件方案。,适老化,适老化改造
伊维养老,伊维养老,养老服务;医疗健康,健康监测;适老化改造,未标注,服务商,,国内,辽宁厚嘉科技有限公司旗下品牌，深耕适老化智能硬件与物理空间改造垂直赛道，强调'适老细节'的产品逻辑。,适老化,适老化智能硬件
